user_id,explicit_skills,certifications,completed_courses,career_goals,engagement_metrics
U001,"[{'SQL': 0.8184522456426065}, {'Mobile Development': 0.8059292905341829}, {'Data Analysis': 0.8432624695922435}, {'Machine Learning': 0.7444829002944464}]",[],"['C014', 'C007', 'C030', 'C006', 'C012', 'C038']","['Product Manager', 'DevOps Engineer', 'Software Developer']","{'course_completion_rate': 0.7044813485977228, 'avg_quiz_score': 65.77425285196044, 'forum_participation': 0.11216373807380076, 'time_spent_weekly': 12}"
U002,"[{'Leadership': 0.40050817024194585}, {'Web Development': 0.19154368048675974}, {'Mobile Development': 0.5933942558316155}, {'Machine Learning': 0.9589282172128512}]",['Azure'],"['C022', 'C030', 'C045', 'C043']","['Product Manager', 'ML Engineer']","{'course_completion_rate': 0.7604459770852003, 'avg_quiz_score': 86.40146263788341, 'forum_participation': 0.9316838767099618, 'time_spent_weekly': 10}"
U003,"[{'Problem Solving': 0.36211213487793514}, {'UX Design': 0.22652679316545}, {'Web Development': 0.387134895729755}]",[],"['C006', 'C004', 'C001', 'C038', 'C042']","['ML Engineer', 'DevOps Engineer', 'Software Developer']","{'course_completion_rate': 0.9309706399798567, 'avg_quiz_score': 78.10918174734613, 'forum_participation': 0.08515944684314214, 'time_spent_weekly': 9}"
U004,"[{'Mobile Development': 0.584590706561414}, {'Communication': 0.44853361889284726}, {'Problem Solving': 0.5033069966057478}, {'Product Management': 0.7420118685605163}, {'SQL': 0.8561117472311547}]","['PMP', 'SCRUM', 'AWS']","['C025', 'C002', 'C037', 'C048', 'C009', 'C011']",['Software Developer'],"{'course_completion_rate': 0.6515239939346058, 'avg_quiz_score': 75.64279382474598, 'forum_participation': 0.5268690516548475, 'time_spent_weekly': 9}"
U005,"[{'Data Analysis': 0.31934897609516943}, {'Leadership': 0.14273239845773059}, {'Deep Learning': 0.8198956403492582}, {'SQL': 0.1293727893350289}, {'Python': 0.29273852548148693}, {'Cloud Computing': 0.6073460793373295}, {'Problem Solving': 0.2910618449201473}, {'UX Design': 0.21329446600937568}]","['PMP', 'GCP']","['C017', 'C025', 'C026', 'C031', 'C043', 'C011', 'C049', 'C024']","['Software Developer', 'UX Designer']","{'course_completion_rate': 0.7388367632999926, 'avg_quiz_score': 61.53438868563389, 'forum_participation': 0.027858260854914718, 'time_spent_weekly': 3}"
U006,"[{'Deep Learning': 0.7848671607182716}, {'SQL': 0.980203533140202}, {'Mobile Development': 0.38236059632410757}, {'Python': 0.5008322833192775}]",[],"['C041', 'C042', 'C038', 'C037']","['UX Designer', 'ML Engineer', 'Data Scientist']","{'course_completion_rate': 0.5657508849068027, 'avg_quiz_score': 88.02489039473254, 'forum_participation': 0.0304704288788612, 'time_spent_weekly': 17}"
U007,"[{'Cloud Computing': 0.5709074520914126}, {'Communication': 0.1499547280068974}, {'Python': 0.7182751369459535}, {'UX Design': 0.36841020097083543}, {'Product Management': 0.31779546233559697}, {'Mobile Development': 0.2838240516919517}, {'Leadership': 0.8649664931107593}, {'Problem Solving': 0.34168116392869563}]",[],"['C029', 'C045', 'C012', 'C011', 'C003', 'C036', 'C046', 'C038']",['ML Engineer'],"{'course_completion_rate': 0.66194500667649, 'avg_quiz_score': 85.14131359911711, 'forum_participation': 0.689386340571749, 'time_spent_weekly': 18}"
U008,"[{'SQL': 0.5558400800649395}, {'DevOps': 0.5209202756827602}, {'Data Analysis': 0.12440575017312433}, {'Machine Learning': 0.42536924014121325}, {'Problem Solving': 0.5921747122903992}, {'UX Design': 0.6850969369848277}, {'Leadership': 0.9658550167072398}]","['AWS', 'Azure']","['C045', 'C033', 'C006', 'C030', 'C037', 'C007']","['Data Scientist', 'DevOps Engineer', 'Product Manager']","{'course_completion_rate': 0.9540872633026236, 'avg_quiz_score': 85.54669338512255, 'forum_participation': 0.36963874440010314, 'time_spent_weekly': 17}"
U009,"[{'Leadership': 0.2198673417344067}, {'Communication': 0.9723786632899446}, {'DevOps': 0.956438078420049}, {'SQL': 0.3811955362338212}, {'Problem Solving': 0.6476898679105153}, {'Data Analysis': 0.5929635840322482}, {'Deep Learning': 0.2731733725889849}]",['PMP'],"['C012', 'C006', 'C004', 'C050', 'C039', 'C016', 'C032', 'C027', 'C025', 'C040']",['UX Designer'],"{'course_completion_rate': 0.7311957410445185, 'avg_quiz_score': 86.29279177022228, 'forum_participation': 0.7476904059412028, 'time_spent_weekly': 12}"
U010,"[{'DevOps': 0.9590773352812412}, {'Web Development': 0.8237268852878419}, {'Data Analysis': 0.5256946901811178}, {'Machine Learning': 0.6163718026341641}]",[],"['C033', 'C027', 'C024', 'C045', 'C001', 'C020', 'C015', 'C017']","['Product Manager', 'ML Engineer']","{'course_completion_rate': 0.518555969782813, 'avg_quiz_score': 69.44588013501729, 'forum_participation': 0.7963439158510305, 'time_spent_weekly': 17}"
U011,"[{'Communication': 0.4267951213818081}, {'Data Analysis': 0.5615483563990086}, {'Python': 0.3463486349314203}, {'SQL': 0.35155085800026786}, {'Web Development': 0.3826058847756967}, {'Leadership': 0.30180526801519286}, {'DevOps': 0.6656960841191149}]",['AWS'],"['C003', 'C042', 'C032', 'C043', 'C012', 'C008', 'C015', 'C028']",['Software Developer'],"{'course_completion_rate': 0.9481295188282851, 'avg_quiz_score': 75.9610098646643, 'forum_participation': 0.5880900997454511, 'time_spent_weekly': 18}"
U012,"[{'Leadership': 0.7256711895149974}, {'SQL': 0.9999895806727112}, {'DevOps': 0.7280450287019666}]","['AWS', 'Azure', 'GCP']","['C012', 'C026', 'C003', 'C018', 'C047']","['Software Developer', 'UX Designer', 'Product Manager']","{'course_completion_rate': 0.9556432839706535, 'avg_quiz_score': 63.07275543327678, 'forum_participation': 0.4285634477259914, 'time_spent_weekly': 10}"
U013,"[{'Python': 0.18694178838254139}, {'Cloud Computing': 0.44940240503304396}, {'UX Design': 0.5097165642190784}, {'Mobile Development': 0.2595903636123392}, {'SQL': 0.27060028297189487}, {'Communication': 0.1453229434192072}, {'Product Management': 0.5193121586950123}, {'Machine Learning': 0.8090386467889832}]",['PMP'],"['C012', 'C001', 'C037', 'C032', 'C020', 'C025']",['Software Developer'],"{'course_completion_rate': 0.536629420559706, 'avg_quiz_score': 94.10874077183948, 'forum_participation': 0.2726849898328131, 'time_spent_weekly': 3}"
U014,"[{'Data Analysis': 0.7042831001637307}, {'Communication': 0.16036959290568056}, {'Leadership': 0.9047916686843921}, {'Machine Learning': 0.7270723218691018}]","['GCP', 'PMP', 'SCRUM']","['C020', 'C023', 'C049', 'C026', 'C024', 'C034', 'C031', 'C033']",['ML Engineer'],"{'course_completion_rate': 0.832769284974033, 'avg_quiz_score': 97.19404931754326, 'forum_participation': 0.743463582787116, 'time_spent_weekly': 4}"
U015,"[{'Cloud Computing': 0.7937293413478422}, {'Web Development': 0.6591821063073627}, {'Deep Learning': 0.5701658312758722}]","['Azure', 'GCP']","['C010', 'C028', 'C031']",['ML Engineer'],"{'course_completion_rate': 0.6192820196122355, 'avg_quiz_score': 76.78381259845699, 'forum_participation': 0.5854936987782036, 'time_spent_weekly': 4}"
U016,"[{'Machine Learning': 0.16556302688858782}, {'Leadership': 0.9963404193377025}, {'UX Design': 0.9190705528752773}, {'Communication': 0.2685369013541973}, {'Deep Learning': 0.44349449617912695}, {'Problem Solving': 0.6922611779995117}, {'Cloud Computing': 0.2548709519164081}]",['AWS'],"['C050', 'C028', 'C021', 'C019', 'C043', 'C041', 'C029']",['UX Designer'],"{'course_completion_rate': 0.5817424370241686, 'avg_quiz_score': 80.09766255814844, 'forum_participation': 0.7986804689353275, 'time_spent_weekly': 5}"
U017,"[{'Problem Solving': 0.9956887022605228}, {'Data Analysis': 0.19909660078624697}, {'Python': 0.6727202678296519}, {'Product Management': 0.7778384582383744}]","['GCP', 'SCRUM']",['C001'],"['ML Engineer', 'Data Scientist', 'UX Designer']","{'course_completion_rate': 0.729953713524022, 'avg_quiz_score': 84.63987242863112, 'forum_participation': 0.9981682130785391, 'time_spent_weekly': 11}"
U018,"[{'Deep Learning': 0.8003120296727361}, {'UX Design': 0.15075673976125495}, {'DevOps': 0.24234072522033745}]","['PMP', 'AWS', 'SCRUM']",['C028'],"['Software Developer', 'Data Scientist']","{'course_completion_rate': 0.6276627763097996, 'avg_quiz_score': 86.70792177454506, 'forum_participation': 0.6499251681159077, 'time_spent_weekly': 17}"
U019,"[{'Python': 0.917986335265991}, {'Product Management': 0.987655346492183}, {'Web Development': 0.11599574400762919}, {'Machine Learning': 0.4808283637504305}]",[],"['C004', 'C003', 'C049', 'C016', 'C012', 'C028']","['Product Manager', 'DevOps Engineer']","{'course_completion_rate': 0.5051909013945673, 'avg_quiz_score': 86.02670722764955, 'forum_participation': 0.3305742975491148, 'time_spent_weekly': 12}"
U020,"[{'Cloud Computing': 0.960902640747434}, {'Data Analysis': 0.8260155810742031}, {'Problem Solving': 0.8180338033736132}, {'DevOps': 0.3568187164788199}, {'SQL': 0.3582824593215297}]",['AWS'],"['C028', 'C009', 'C034', 'C048', 'C015', 'C007', 'C039']","['ML Engineer', 'Software Developer', 'UX Designer']","{'course_completion_rate': 0.7427754764277597, 'avg_quiz_score': 95.13914034921913, 'forum_participation': 0.28967295947663474, 'time_spent_weekly': 12}"
U021,"[{'UX Design': 0.24892553676490606}, {'SQL': 0.7177168297421727}, {'DevOps': 0.4067122212364148}, {'Data Analysis': 0.825356642665941}, {'Deep Learning': 0.5674442376073646}]","['Azure', 'GCP']","['C048', 'C011', 'C023', 'C004', 'C006', 'C034', 'C042', 'C001', 'C028', 'C040']",['Product Manager'],"{'course_completion_rate': 0.6124244479099661, 'avg_quiz_score': 74.57686880504015, 'forum_participation': 0.20211984443128084, 'time_spent_weekly': 16}"
U022,"[{'Mobile Development': 0.5442551398131932}, {'UX Design': 0.5069803064454179}, {'Cloud Computing': 0.4664589031417933}, {'Python': 0.8582938825094577}, {'Machine Learning': 0.16624626029691397}, {'Product Management': 0.3367282784685338}, {'SQL': 0.31491552408189905}]","['AWS', 'SCRUM']","['C022', 'C030']","['Product Manager', 'ML Engineer', 'DevOps Engineer']","{'course_completion_rate': 0.7339906191686565, 'avg_quiz_score': 89.07517887952983, 'forum_participation': 0.36325881698218854, 'time_spent_weekly': 5}"
U023,"[{'Problem Solving': 0.6199061756536433}, {'Product Management': 0.42405236338665986}, {'SQL': 0.8584821729161576}, {'Web Development': 0.2432126832638158}, {'Cloud Computing': 0.3433157694723754}]",[],"['C049', 'C046', 'C021', 'C020']","['UX Designer', 'ML Engineer']","{'course_completion_rate': 0.9291184512189314, 'avg_quiz_score': 76.26257136218575, 'forum_participation': 0.9015093295628521, 'time_spent_weekly': 5}"
U024,"[{'Cloud Computing': 0.8000826977234533}, {'Data Analysis': 0.8196912685904664}, {'Mobile Development': 0.3276030390204003}, {'DevOps': 0.427545723477849}, {'SQL': 0.4220713016537777}]","['PMP', 'GCP']","['C011', 'C010', 'C039', 'C004']","['UX Designer', 'Product Manager', 'Software Developer']","{'course_completion_rate': 0.656423699331117, 'avg_quiz_score': 77.12027073621286, 'forum_participation': 0.3502277667291571, 'time_spent_weekly': 8}"
U025,"[{'Communication': 0.5784013111374144}, {'Data Analysis': 0.31156622050050276}, {'Mobile Development': 0.6852514559205686}, {'SQL': 0.22999507669553543}, {'DevOps': 0.37909226838162435}, {'Machine Learning': 0.10790709350895353}, {'Deep Learning': 0.7391431132928263}, {'Problem Solving': 0.9682407446679151}]","['Azure', 'PMP', 'GCP']","['C037', 'C018', 'C016', 'C029', 'C019', 'C015', 'C009', 'C046', 'C003', 'C027']","['Data Scientist', 'Product Manager', 'Software Developer']","{'course_completion_rate': 0.7876255325613988, 'avg_quiz_score': 72.59587792251563, 'forum_participation': 0.2081899953971834, 'time_spent_weekly': 2}"
U026,"[{'Web Development': 0.7290545334466421}, {'SQL': 0.796459568584731}, {'Product Management': 0.6392695952134337}, {'Communication': 0.8190489412536558}, {'Machine Learning': 0.28181692452500673}, {'Python': 0.5918295843699364}, {'Leadership': 0.2942464311694736}]","['SCRUM', 'AWS']","['C048', 'C016', 'C019', 'C023', 'C050', 'C032']","['Data Scientist', 'Software Developer']","{'course_completion_rate': 0.7941188356644113, 'avg_quiz_score': 61.156216844181785, 'forum_participation': 0.07249714360635229, 'time_spent_weekly': 12}"
U027,"[{'Leadership': 0.35569166378223327}, {'SQL': 0.17732135193596732}, {'Deep Learning': 0.45643743714194707}, {'Web Development': 0.33216821565038257}, {'Mobile Development': 0.3303532388380848}, {'Data Analysis': 0.893923900504222}, {'DevOps': 0.32319579427951073}, {'UX Design': 0.33470672119535216}]",['SCRUM'],"['C001', 'C038', 'C017', 'C041', 'C016', 'C029', 'C046']","['Product Manager', 'Data Scientist', 'ML Engineer']","{'course_completion_rate': 0.7679984470898653, 'avg_quiz_score': 86.93939940142756, 'forum_participation': 0.06323684759543513, 'time_spent_weekly': 6}"
U028,"[{'Mobile Development': 0.21237531984328314}, {'Machine Learning': 0.7140176588717576}, {'Deep Learning': 0.41743787092942564}]",[],[],"['DevOps Engineer', 'UX Designer', 'Data Scientist']","{'course_completion_rate': 0.7290563450270058, 'avg_quiz_score': 76.3677164238881, 'forum_participation': 0.8838130241886699, 'time_spent_weekly': 3}"
U029,"[{'Communication': 0.7570148347757116}, {'Web Development': 0.12191241081761589}, {'Cloud Computing': 0.6708376444091733}, {'Mobile Development': 0.8795699182097291}]","['PMP', 'SCRUM']","['C022', 'C038', 'C009', 'C005', 'C033', 'C036', 'C003', 'C008', 'C021']","['DevOps Engineer', 'UX Designer']","{'course_completion_rate': 0.7867216873341732, 'avg_quiz_score': 98.22646773222138, 'forum_participation': 0.9700320550417315, 'time_spent_weekly': 7}"
U030,"[{'Product Management': 0.2938494549948304}, {'Communication': 0.8245622467427729}, {'DevOps': 0.5569804855582421}, {'Deep Learning': 0.8688462074322116}, {'Machine Learning': 0.8040112660840953}, {'Cloud Computing': 0.13223537615779887}]",[],"['C022', 'C014']",['Product Manager'],"{'course_completion_rate': 0.9809191061763991, 'avg_quiz_score': 76.51266119779322, 'forum_participation': 0.6844664321125684, 'time_spent_weekly': 14}"
U031,"[{'Communication': 0.6990041037534861}, {'Cloud Computing': 0.18525113912598098}, {'Data Analysis': 0.6021763311531485}, {'Product Management': 0.14353339630212644}]",['SCRUM'],[],"['Software Developer', 'DevOps Engineer', 'ML Engineer']","{'course_completion_rate': 0.8292953355694641, 'avg_quiz_score': 80.37326018807377, 'forum_participation': 0.5518146053572238, 'time_spent_weekly': 11}"
U032,"[{'Leadership': 0.3979634965240957}, {'Python': 0.7167800610998905}, {'Deep Learning': 0.6590624946410657}, {'UX Design': 0.34008585683680015}, {'Product Management': 0.2966494134747816}, {'Cloud Computing': 0.778824412327272}, {'Machine Learning': 0.8176183226888}]",[],"['C028', 'C019', 'C040', 'C020', 'C030', 'C045', 'C032', 'C021']","['ML Engineer', 'Product Manager', 'DevOps Engineer']","{'course_completion_rate': 0.9386302164860307, 'avg_quiz_score': 78.68129480800025, 'forum_participation': 0.8139243761073396, 'time_spent_weekly': 2}"
U033,"[{'Web Development': 0.24416217871292745}, {'Leadership': 0.5326900503926408}, {'Communication': 0.7752763309180368}]",['GCP'],[],"['UX Designer', 'DevOps Engineer']","{'course_completion_rate': 0.502757001266452, 'avg_quiz_score': 88.66669422994153, 'forum_participation': 0.608425640227014, 'time_spent_weekly': 9}"
U034,"[{'Machine Learning': 0.20646805950169353}, {'Mobile Development': 0.6695045413750227}, {'Problem Solving': 0.8768913424727701}, {'UX Design': 0.17933736564398028}, {'SQL': 0.3693450423584623}]",['SCRUM'],"['C016', 'C039', 'C028', 'C035', 'C050']","['Product Manager', 'UX Designer', 'ML Engineer']","{'course_completion_rate': 0.5724247748275161, 'avg_quiz_score': 86.96279216372503, 'forum_participation': 0.3179309111812174, 'time_spent_weekly': 6}"
U035,"[{'Deep Learning': 0.7050022469342501}, {'Web Development': 0.121884315797175}, {'Communication': 0.746189339582664}, {'SQL': 0.831238923591019}, {'DevOps': 0.20326840026033555}, {'Leadership': 0.14782149919893833}, {'Python': 0.19818301850552483}]","['GCP', 'Azure', 'SCRUM']",['C022'],"['Product Manager', 'DevOps Engineer', 'Data Scientist']","{'course_completion_rate': 0.974252813231109, 'avg_quiz_score': 99.96977631025527, 'forum_participation': 0.7159575810087245, 'time_spent_weekly': 6}"
U036,"[{'Problem Solving': 0.33288802651022803}, {'UX Design': 0.19956044943443893}, {'SQL': 0.48790462177710536}]","['GCP', 'SCRUM']","['C011', 'C002', 'C042', 'C024', 'C035', 'C017', 'C048', 'C001', 'C010', 'C047']","['Product Manager', 'UX Designer']","{'course_completion_rate': 0.5741412836266153, 'avg_quiz_score': 89.06186077271963, 'forum_participation': 0.36559371658542417, 'time_spent_weekly': 17}"
U037,"[{'SQL': 0.5497634841157004}, {'Machine Learning': 0.7838580306136529}, {'Data Analysis': 0.6680660854550243}, {'Leadership': 0.6197556909014864}, {'Mobile Development': 0.573422153958931}, {'DevOps': 0.39560853637534843}, {'Problem Solving': 0.2563274956582349}, {'Product Management': 0.8123668284557897}]","['GCP', 'PMP']","['C001', 'C047', 'C034', 'C003', 'C013']","['DevOps Engineer', 'UX Designer', 'Software Developer']","{'course_completion_rate': 0.8123349607212291, 'avg_quiz_score': 63.45981633361475, 'forum_participation': 0.24665533937216066, 'time_spent_weekly': 1}"
U038,"[{'Python': 0.5292100529383431}, {'Data Analysis': 0.5833229378616329}, {'Cloud Computing': 0.7809124076193443}]",['SCRUM'],['C021'],['Product Manager'],"{'course_completion_rate': 0.7588630851151134, 'avg_quiz_score': 73.63144965839876, 'forum_participation': 0.385911455140699, 'time_spent_weekly': 11}"
U039,"[{'Web Development': 0.9552721026423279}, {'DevOps': 0.8870303075368587}, {'Communication': 0.35179483584036786}, {'Problem Solving': 0.4721504742764776}, {'Python': 0.7836179956175521}]",[],"['C042', 'C017', 'C036']","['Software Developer', 'Data Scientist']","{'course_completion_rate': 0.9424683616340727, 'avg_quiz_score': 97.22905515912147, 'forum_participation': 0.8916989273307998, 'time_spent_weekly': 16}"
U040,"[{'SQL': 0.6874616285917553}, {'Mobile Development': 0.7722777494070544}, {'Python': 0.8685809863275932}]",[],"['C022', 'C012', 'C017', 'C045']","['UX Designer', 'Data Scientist']","{'course_completion_rate': 0.8795590488356588, 'avg_quiz_score': 79.14779347954722, 'forum_participation': 0.16052886504858, 'time_spent_weekly': 20}"
U041,"[{'DevOps': 0.349314800491113}, {'Web Development': 0.16786730348493567}, {'Deep Learning': 0.656057097055813}, {'Problem Solving': 0.35484852659482713}, {'Machine Learning': 0.43722063014113177}, {'UX Design': 0.8920630386218339}, {'Product Management': 0.9293375774243261}]","['AWS', 'PMP', 'GCP']",[],"['Data Scientist', 'Software Developer']","{'course_completion_rate': 0.7783799611994654, 'avg_quiz_score': 69.21566785956972, 'forum_participation': 0.0729439480999704, 'time_spent_weekly': 14}"
U042,"[{'Machine Learning': 0.6134723028129085}, {'Python': 0.617732702986997}, {'Cloud Computing': 0.7549854089933897}, {'Problem Solving': 0.5855197859438792}, {'Data Analysis': 0.23037686815918185}, {'Deep Learning': 0.2124359064315431}, {'DevOps': 0.7091297294907556}]",[],"['C024', 'C002', 'C013']","['Data Scientist', 'UX Designer', 'DevOps Engineer']","{'course_completion_rate': 0.6305358204359102, 'avg_quiz_score': 72.2401829488413, 'forum_participation': 0.7572382864402372, 'time_spent_weekly': 16}"
U043,"[{'Cloud Computing': 0.42924268180737246}, {'Problem Solving': 0.1860715607415818}, {'Deep Learning': 0.2790081646712781}, {'Product Management': 0.8332517047196875}]",[],"['C041', 'C048', 'C036', 'C023', 'C003', 'C032', 'C045', 'C031', 'C004']","['Software Developer', 'ML Engineer', 'DevOps Engineer']","{'course_completion_rate': 0.8077835826783397, 'avg_quiz_score': 98.8654596374335, 'forum_participation': 0.5763067930270614, 'time_spent_weekly': 10}"
U044,"[{'Communication': 0.2583563091863107}, {'SQL': 0.4572586164780338}, {'Deep Learning': 0.10216525707078446}, {'Mobile Development': 0.40137381972906083}, {'Data Analysis': 0.8737347541797771}, {'Python': 0.2823793834353997}]",[],"['C012', 'C040']","['ML Engineer', 'DevOps Engineer']","{'course_completion_rate': 0.8589192935633275, 'avg_quiz_score': 77.6249647980497, 'forum_participation': 0.4415736339582209, 'time_spent_weekly': 2}"
U045,"[{'DevOps': 0.793228140576052}, {'Machine Learning': 0.4476997890458332}, {'SQL': 0.3171713277300594}, {'UX Design': 0.2840752830822071}, {'Python': 0.9047746596442975}, {'Leadership': 0.8568006652340028}]","['AWS', 'SCRUM']","['C032', 'C026', 'C002', 'C005', 'C027', 'C014', 'C017', 'C046', 'C024', 'C009']",['Product Manager'],"{'course_completion_rate': 0.9447318291925415, 'avg_quiz_score': 77.80620921178482, 'forum_participation': 0.5435650544910161, 'time_spent_weekly': 12}"
U046,"[{'SQL': 0.2257143952544653}, {'Web Development': 0.7157933110552116}, {'UX Design': 0.2856735919240321}, {'Deep Learning': 0.6076044311276205}, {'DevOps': 0.5963496105196366}]","['SCRUM', 'PMP']","['C026', 'C028', 'C022', 'C029', 'C024']","['UX Designer', 'Data Scientist']","{'course_completion_rate': 0.5134909108372492, 'avg_quiz_score': 86.27135270252111, 'forum_participation': 0.9480785610861877, 'time_spent_weekly': 14}"
U047,"[{'DevOps': 0.564343852707395}, {'Deep Learning': 0.7401990086556052}, {'Data Analysis': 0.8655531260079058}, {'Product Management': 0.29098045608735634}, {'Python': 0.17040964328793884}]",['Azure'],[],['DevOps Engineer'],"{'course_completion_rate': 0.6219391204790561, 'avg_quiz_score': 66.3495430934782, 'forum_participation': 0.7155575611310546, 'time_spent_weekly': 19}"
U048,"[{'UX Design': 0.9054287221934021}, {'Leadership': 0.641215603695092}, {'SQL': 0.3583430480084896}, {'Mobile Development': 0.7690910985557939}, {'Deep Learning': 0.7706534541657835}]","['SCRUM', 'GCP']","['C048', 'C006', 'C028', 'C026', 'C004', 'C010']",['Software Developer'],"{'course_completion_rate': 0.5379156721756175, 'avg_quiz_score': 73.3977915466048, 'forum_participation': 0.9129971810558506, 'time_spent_weekly': 1}"
U049,"[{'Mobile Development': 0.12102010599894854}, {'Cloud Computing': 0.953765052941893}, {'UX Design': 0.8445050633013766}]",[],"['C007', 'C026', 'C001', 'C042']","['Product Manager', 'UX Designer', 'Data Scientist']","{'course_completion_rate': 0.6547139524728832, 'avg_quiz_score': 93.35038653969822, 'forum_participation': 0.8498460198591234, 'time_spent_weekly': 4}"
U050,"[{'Cloud Computing': 0.22820919731315592}, {'Data Analysis': 0.33653291751980824}, {'Deep Learning': 0.5218917163265995}, {'Communication': 0.726973551226783}, {'Machine Learning': 0.5749263306301959}, {'Leadership': 0.10945522905307331}, {'Python': 0.1813987804591305}]","['GCP', 'PMP', 'AWS']","['C050', 'C005', 'C037', 'C041', 'C043', 'C019', 'C008', 'C021', 'C018', 'C042']","['UX Designer', 'Product Manager']","{'course_completion_rate': 0.8557950691599052, 'avg_quiz_score': 84.77644827780486, 'forum_participation': 0.4244762126249314, 'time_spent_weekly': 18}"
U051,"[{'Python': 0.8613594357708126}, {'Problem Solving': 0.9938402822016343}, {'Leadership': 0.457392145798478}, {'UX Design': 0.12467577278413217}, {'Mobile Development': 0.3146702342584719}, {'Deep Learning': 0.6334499656510887}, {'Communication': 0.9360860092219399}]","['Azure', 'AWS']","['C049', 'C028', 'C034', 'C015', 'C021', 'C024', 'C020', 'C032']",['UX Designer'],"{'course_completion_rate': 0.7759690971246909, 'avg_quiz_score': 74.88759286919061, 'forum_participation': 0.34631209335410906, 'time_spent_weekly': 5}"
U052,"[{'Web Development': 0.4085792398600382}, {'Data Analysis': 0.4994750608736833}, {'UX Design': 0.9533496116559892}, {'Machine Learning': 0.8283420776104032}, {'Leadership': 0.7354397143774817}, {'Communication': 0.9813819036210922}, {'Deep Learning': 0.1402019889657231}, {'Python': 0.2510056602805}]","['SCRUM', 'PMP']","['C011', 'C026', 'C008', 'C017', 'C018', 'C023', 'C045']",['Product Manager'],"{'course_completion_rate': 0.8830013670109684, 'avg_quiz_score': 81.08569246153995, 'forum_participation': 0.732233011441251, 'time_spent_weekly': 7}"
U053,"[{'Mobile Development': 0.3016045703920399}, {'Communication': 0.7007452444586547}, {'Cloud Computing': 0.6495915823290555}]","['AWS', 'Azure']","['C004', 'C017', 'C042', 'C034', 'C006', 'C012', 'C025', 'C037']",['ML Engineer'],"{'course_completion_rate': 0.8353323993868038, 'avg_quiz_score': 91.04627200514194, 'forum_participation': 0.02433839937430149, 'time_spent_weekly': 8}"
U054,"[{'Leadership': 0.7631420652778221}, {'Python': 0.5862721792701405}, {'Problem Solving': 0.8052537769948119}, {'Communication': 0.9563364010056798}]",['SCRUM'],"['C024', 'C040', 'C037', 'C014']","['Data Scientist', 'DevOps Engineer', 'ML Engineer']","{'course_completion_rate': 0.6692823165542727, 'avg_quiz_score': 76.51179016597852, 'forum_participation': 0.6122809785419913, 'time_spent_weekly': 5}"
U055,"[{'Problem Solving': 0.2266106058925054}, {'Web Development': 0.1956046660672045}, {'Data Analysis': 0.11106866762858339}, {'Mobile Development': 0.6952791832553914}, {'Machine Learning': 0.7494456757390914}, {'SQL': 0.4578627553295922}, {'Leadership': 0.7099212683350232}, {'UX Design': 0.3261266115584589}]",['Azure'],"['C035', 'C023', 'C009', 'C021', 'C029', 'C030', 'C047', 'C038', 'C044']",['UX Designer'],"{'course_completion_rate': 0.5923328990871812, 'avg_quiz_score': 64.67802925541066, 'forum_participation': 0.12066314165616909, 'time_spent_weekly': 16}"
U056,"[{'Deep Learning': 0.8778625928598942}, {'Product Management': 0.3133579739167298}, {'Communication': 0.5275614383263646}, {'Data Analysis': 0.2725879526954331}]","['PMP', 'GCP', 'SCRUM']","['C039', 'C033']","['Product Manager', 'UX Designer', 'Software Developer']","{'course_completion_rate': 0.7211192052259268, 'avg_quiz_score': 72.09391726310768, 'forum_participation': 0.5277415473272501, 'time_spent_weekly': 6}"
U057,"[{'Data Analysis': 0.3651657034279723}, {'Communication': 0.46234236804132156}, {'Leadership': 0.5149295481400216}]",[],"['C030', 'C029']","['Product Manager', 'Data Scientist', 'Software Developer']","{'course_completion_rate': 0.6686838200781422, 'avg_quiz_score': 80.71579806133569, 'forum_participation': 0.638891362654585, 'time_spent_weekly': 2}"
U058,"[{'Problem Solving': 0.3039983373743499}, {'Communication': 0.682936877730916}, {'Web Development': 0.16518862119678274}]",['SCRUM'],"['C005', 'C042', 'C020', 'C024', 'C008', 'C025', 'C019', 'C030', 'C017']","['Data Scientist', 'ML Engineer', 'UX Designer']","{'course_completion_rate': 0.5791627189551858, 'avg_quiz_score': 65.36551121307713, 'forum_participation': 0.949228104448439, 'time_spent_weekly': 18}"
U059,"[{'Leadership': 0.5712619250757155}, {'Deep Learning': 0.9480500450905034}, {'Machine Learning': 0.49090110214742544}, {'Python': 0.6823622688109557}]","['PMP', 'SCRUM', 'AWS']","['C035', 'C003', 'C031', 'C040', 'C008', 'C009', 'C024', 'C049', 'C030', 'C026']","['Data Scientist', 'DevOps Engineer']","{'course_completion_rate': 0.919220540186475, 'avg_quiz_score': 66.1013832872944, 'forum_participation': 0.8660533340471066, 'time_spent_weekly': 6}"
U060,"[{'Machine Learning': 0.448406356908034}, {'Mobile Development': 0.3674907513951441}, {'Web Development': 0.7324199501980485}, {'DevOps': 0.6553368769780323}, {'Problem Solving': 0.3127536426926782}, {'Python': 0.6412203649072113}, {'UX Design': 0.9721783411346769}, {'Product Management': 0.21066828910224783}]","['Azure', 'SCRUM']","['C005', 'C029', 'C002', 'C045', 'C027', 'C026', 'C014', 'C019', 'C015', 'C009']","['Data Scientist', 'ML Engineer', 'UX Designer']","{'course_completion_rate': 0.7054036108251538, 'avg_quiz_score': 60.57532256493851, 'forum_participation': 0.28845316914124064, 'time_spent_weekly': 12}"
U061,"[{'Cloud Computing': 0.966444932019565}, {'UX Design': 0.3452441174921551}, {'Product Management': 0.37794742670114123}, {'Leadership': 0.5416198983356894}, {'Data Analysis': 0.1630764483528509}, {'Python': 0.40963777709282523}, {'Deep Learning': 0.7802534689751106}]","['AWS', 'Azure', 'SCRUM']","['C042', 'C025']",['Product Manager'],"{'course_completion_rate': 0.630629727039372, 'avg_quiz_score': 79.49921583646602, 'forum_participation': 0.9246254765669568, 'time_spent_weekly': 3}"
U062,"[{'Product Management': 0.44344965096123234}, {'Problem Solving': 0.5179031519011849}, {'UX Design': 0.4668773563189623}, {'Python': 0.9835838606371317}]","['SCRUM', 'AWS', 'PMP']","['C022', 'C015', 'C011', 'C049', 'C039', 'C006', 'C017', 'C026']","['Data Scientist', 'Product Manager']","{'course_completion_rate': 0.6350628904461915, 'avg_quiz_score': 97.90121497340738, 'forum_participation': 0.6940300427969679, 'time_spent_weekly': 20}"
U063,"[{'Communication': 0.6503910040024422}, {'SQL': 0.2938039563620397}, {'Product Management': 0.793919422721809}, {'Leadership': 0.334242740929101}, {'Machine Learning': 0.39909663477702506}, {'Deep Learning': 0.17678626524858992}, {'UX Design': 0.8091319196907627}, {'Problem Solving': 0.8335844289862907}]","['Azure', 'SCRUM', 'GCP']","['C023', 'C028', 'C004', 'C040', 'C038', 'C042', 'C019', 'C031', 'C047', 'C011']","['Software Developer', 'Product Manager']","{'course_completion_rate': 0.8600298393335967, 'avg_quiz_score': 92.17122426383173, 'forum_participation': 0.2087653801474958, 'time_spent_weekly': 7}"
U064,"[{'Problem Solving': 0.5473138767754229}, {'Mobile Development': 0.41880495913963034}, {'Deep Learning': 0.21260117989159427}, {'Leadership': 0.5962684193206413}]","['SCRUM', 'GCP', 'Azure']",['C039'],"['ML Engineer', 'UX Designer', 'DevOps Engineer']","{'course_completion_rate': 0.9330569729056182, 'avg_quiz_score': 68.09070747103753, 'forum_participation': 0.6948432922511617, 'time_spent_weekly': 20}"
U065,"[{'Problem Solving': 0.25568046166827874}, {'Deep Learning': 0.13776224615478086}, {'Web Development': 0.5310503339849157}, {'Data Analysis': 0.11163430509043909}, {'DevOps': 0.5227151083824709}, {'Machine Learning': 0.6351128573148442}, {'Python': 0.6522746221652576}]",['PMP'],"['C003', 'C026']","['UX Designer', 'ML Engineer']","{'course_completion_rate': 0.9927413751411462, 'avg_quiz_score': 62.41432564649503, 'forum_participation': 0.10205716611937599, 'time_spent_weekly': 16}"
U066,"[{'SQL': 0.4379625073722785}, {'Product Management': 0.9789187420032311}, {'Web Development': 0.8757011533446342}]","['GCP', 'PMP', 'Azure']","['C001', 'C048', 'C010', 'C007', 'C017']",['ML Engineer'],"{'course_completion_rate': 0.8579975695239137, 'avg_quiz_score': 80.75750268316256, 'forum_participation': 0.9123582135179882, 'time_spent_weekly': 17}"
U067,"[{'Problem Solving': 0.33027484750523994}, {'Cloud Computing': 0.7741461254444356}, {'DevOps': 0.27061205010186484}, {'Mobile Development': 0.27301382704983856}]",[],"['C002', 'C046', 'C013']","['Data Scientist', 'ML Engineer', 'Software Developer']","{'course_completion_rate': 0.5485997120863346, 'avg_quiz_score': 85.80052456908365, 'forum_participation': 0.7021880288397788, 'time_spent_weekly': 11}"
U068,"[{'Product Management': 0.49639119849457336}, {'Machine Learning': 0.917934921077361}, {'Communication': 0.7172470972796778}]","['AWS', 'SCRUM']","['C003', 'C033', 'C022', 'C019', 'C016', 'C012', 'C031', 'C014', 'C040']","['ML Engineer', 'UX Designer', 'Software Developer']","{'course_completion_rate': 0.6042841904728522, 'avg_quiz_score': 63.92461321203736, 'forum_participation': 0.8844203810028946, 'time_spent_weekly': 6}"
U069,"[{'Product Management': 0.22085438626238085}, {'Python': 0.4172008067842041}, {'Deep Learning': 0.9861320300439593}]",[],"['C044', 'C010', 'C005', 'C037']","['UX Designer', 'Product Manager']","{'course_completion_rate': 0.844333768915124, 'avg_quiz_score': 86.50188002071987, 'forum_participation': 0.43042046119817734, 'time_spent_weekly': 16}"
U070,"[{'Deep Learning': 0.8440734405124526}, {'SQL': 0.13282713186946418}, {'Leadership': 0.7493610971536648}]",['Azure'],[],['UX Designer'],"{'course_completion_rate': 0.9992108233726131, 'avg_quiz_score': 70.56501084384801, 'forum_participation': 0.10392512764054695, 'time_spent_weekly': 1}"
U071,"[{'Machine Learning': 0.5459965010770155}, {'DevOps': 0.18938692477796926}, {'Communication': 0.3858306452276432}, {'UX Design': 0.40550489888519536}]","['GCP', 'PMP']","['C047', 'C011', 'C042', 'C026', 'C016', 'C003', 'C035', 'C017', 'C034', 'C023']","['DevOps Engineer', 'Software Developer']","{'course_completion_rate': 0.7636029653576739, 'avg_quiz_score': 97.98442136954198, 'forum_participation': 0.8889196595146792, 'time_spent_weekly': 2}"
U072,"[{'Web Development': 0.22899414119690853}, {'Deep Learning': 0.6214257517739485}, {'Cloud Computing': 0.5637943250172943}, {'Python': 0.3619363931776983}, {'Communication': 0.6392518234474468}, {'Machine Learning': 0.5186791173638313}, {'Leadership': 0.734340642655571}, {'Mobile Development': 0.16572345790173976}]","['Azure', 'SCRUM']","['C019', 'C029', 'C043', 'C006', 'C034', 'C003', 'C031', 'C028', 'C007']","['Data Scientist', 'Software Developer', 'DevOps Engineer']","{'course_completion_rate': 0.7477609472131479, 'avg_quiz_score': 89.77621419313265, 'forum_participation': 0.31908131929671335, 'time_spent_weekly': 10}"
U073,"[{'Communication': 0.9014926571483253}, {'Product Management': 0.7301519985480628}, {'Python': 0.5146781903889039}]","['SCRUM', 'PMP', 'Azure']","['C017', 'C001', 'C021', 'C024', 'C028', 'C022']",['DevOps Engineer'],"{'course_completion_rate': 0.781234266453405, 'avg_quiz_score': 92.87648104540264, 'forum_participation': 0.6505730959674134, 'time_spent_weekly': 15}"
U074,"[{'Leadership': 0.2324746939204243}, {'Mobile Development': 0.6384330853121285}, {'Cloud Computing': 0.3796971948221405}, {'DevOps': 0.6695454781043698}]",['Azure'],"['C027', 'C026', 'C005', 'C007', 'C001', 'C011', 'C044', 'C017', 'C022']","['Product Manager', 'Data Scientist', 'ML Engineer']","{'course_completion_rate': 0.5406360506216973, 'avg_quiz_score': 97.42364017902128, 'forum_participation': 0.1318410400242238, 'time_spent_weekly': 1}"
U075,"[{'Python': 0.751765903020985}, {'SQL': 0.3829464592615829}, {'Leadership': 0.9990628358101405}, {'Mobile Development': 0.5553800753520567}, {'Data Analysis': 0.42542114111277596}, {'Machine Learning': 0.6199794852009973}]","['SCRUM', 'AWS', 'GCP']","['C034', 'C025', 'C012', 'C018', 'C048', 'C013']","['ML Engineer', 'UX Designer']","{'course_completion_rate': 0.6378385088042791, 'avg_quiz_score': 75.92951599581617, 'forum_participation': 0.3700444747068343, 'time_spent_weekly': 2}"
U076,"[{'Mobile Development': 0.3410643789544635}, {'Problem Solving': 0.43648855327914393}, {'DevOps': 0.6573953718936671}, {'UX Design': 0.3628451040219507}, {'Cloud Computing': 0.5813216981097531}, {'Product Management': 0.5863939908825884}, {'Communication': 0.7012966981714327}]","['SCRUM', 'GCP']","['C002', 'C026', 'C015', 'C043', 'C039', 'C014', 'C006', 'C049']",['UX Designer'],"{'course_completion_rate': 0.9459586115267018, 'avg_quiz_score': 86.84522303175086, 'forum_participation': 0.5518019845645862, 'time_spent_weekly': 8}"
U077,"[{'Leadership': 0.8819296400298305}, {'Machine Learning': 0.41016870984803777}, {'Data Analysis': 0.8249955817549373}, {'SQL': 0.3247322217896695}, {'Cloud Computing': 0.5383930336805615}, {'UX Design': 0.37411656593809894}, {'Communication': 0.43702879666696426}]","['PMP', 'GCP']","['C033', 'C020', 'C048', 'C012', 'C035', 'C010']","['Product Manager', 'ML Engineer']","{'course_completion_rate': 0.6574837811141236, 'avg_quiz_score': 85.85346616311668, 'forum_participation': 0.795039020598707, 'time_spent_weekly': 2}"
U078,"[{'DevOps': 0.8469752387055998}, {'Machine Learning': 0.9508710725703227}, {'Problem Solving': 0.21049364069706725}, {'Communication': 0.9034543332897255}]",['GCP'],"['C029', 'C026', 'C040', 'C013', 'C034', 'C041', 'C019']","['ML Engineer', 'Data Scientist', 'DevOps Engineer']","{'course_completion_rate': 0.8400456054822718, 'avg_quiz_score': 93.95838267769122, 'forum_participation': 0.26196878811210933, 'time_spent_weekly': 19}"
U079,"[{'DevOps': 0.6075985986290889}, {'Deep Learning': 0.16919548443571042}, {'UX Design': 0.8288486611550894}, {'Python': 0.6566020825425394}, {'Mobile Development': 0.4980747772148195}, {'Machine Learning': 0.1664390323158349}, {'Communication': 0.6772415889667331}]","['AWS', 'PMP']","['C012', 'C032', 'C007', 'C048', 'C027', 'C023', 'C010']",['DevOps Engineer'],"{'course_completion_rate': 0.8065126894505679, 'avg_quiz_score': 90.85644596999632, 'forum_participation': 0.6567108809266354, 'time_spent_weekly': 15}"
U080,"[{'Product Management': 0.7884445714900186}, {'DevOps': 0.8704376556008667}, {'SQL': 0.8504254772729115}, {'Data Analysis': 0.888054271828529}, {'Communication': 0.251764736991138}, {'Mobile Development': 0.741509409088674}, {'Problem Solving': 0.4192669634975281}]",[],"['C021', 'C022', 'C029', 'C010', 'C041']","['Product Manager', 'Software Developer']","{'course_completion_rate': 0.9090933288611254, 'avg_quiz_score': 99.2250833524165, 'forum_participation': 0.2606555159841818, 'time_spent_weekly': 2}"
U081,"[{'UX Design': 0.19373558000254207}, {'Problem Solving': 0.5088993183439016}, {'Data Analysis': 0.8712040267462144}, {'DevOps': 0.5604896891443282}, {'Web Development': 0.9543202753715216}, {'Deep Learning': 0.8798432524207603}, {'Cloud Computing': 0.5444457204652383}]","['SCRUM', 'PMP']","['C049', 'C038', 'C002']",['DevOps Engineer'],"{'course_completion_rate': 0.9726253088335239, 'avg_quiz_score': 76.52303622792647, 'forum_participation': 0.3492705061207094, 'time_spent_weekly': 18}"
U082,"[{'Machine Learning': 0.8743748904983581}, {'Product Management': 0.634129790954861}, {'DevOps': 0.8163571781072735}, {'UX Design': 0.23282344898887294}]","['AWS', 'PMP', 'GCP']","['C015', 'C003', 'C034', 'C007', 'C012', 'C049', 'C024', 'C016', 'C006', 'C025']","['UX Designer', 'DevOps Engineer', 'Data Scientist']","{'course_completion_rate': 0.9485716893716775, 'avg_quiz_score': 82.48672796982007, 'forum_participation': 0.33474114435419555, 'time_spent_weekly': 5}"
U083,"[{'Python': 0.4272083426950658}, {'Communication': 0.8129048108487981}, {'Machine Learning': 0.5258027789005958}, {'Data Analysis': 0.11640821037261881}, {'Product Management': 0.7230625023647408}, {'Leadership': 0.269892653225249}]",[],"['C040', 'C004', 'C021', 'C006', 'C043', 'C012']",['Data Scientist'],"{'course_completion_rate': 0.5795895624349805, 'avg_quiz_score': 60.26606488664132, 'forum_participation': 0.2203578307562818, 'time_spent_weekly': 3}"
U084,"[{'Python': 0.695197165349159}, {'Machine Learning': 0.4260039840319191}, {'Problem Solving': 0.787230237758888}, {'DevOps': 0.15984420057251686}, {'Communication': 0.5699189564418068}, {'Mobile Development': 0.5986401550329511}, {'Data Analysis': 0.8384932413306257}]",[],"['C044', 'C020', 'C018', 'C048', 'C050', 'C029', 'C031']","['DevOps Engineer', 'Data Scientist']","{'course_completion_rate': 0.6267261351839493, 'avg_quiz_score': 73.93231306424362, 'forum_participation': 0.005002132346486832, 'time_spent_weekly': 14}"
U085,"[{'Product Management': 0.3673470051948806}, {'Mobile Development': 0.17220732830582314}, {'Communication': 0.9363921331603798}, {'SQL': 0.39244248979598206}, {'Machine Learning': 0.8972217205762412}, {'Web Development': 0.8420093082103208}]","['GCP', 'AWS']",['C030'],['Software Developer'],"{'course_completion_rate': 0.6586732110116782, 'avg_quiz_score': 88.99800945431052, 'forum_participation': 0.3491182742238035, 'time_spent_weekly': 20}"
U086,"[{'Python': 0.9977758773223785}, {'Product Management': 0.9794547808997462}, {'Problem Solving': 0.2554513377568434}]","['GCP', 'PMP', 'AWS']",['C003'],"['DevOps Engineer', 'Software Developer', 'Data Scientist']","{'course_completion_rate': 0.8193909153171847, 'avg_quiz_score': 98.9909364143012, 'forum_participation': 0.33003676536948523, 'time_spent_weekly': 2}"
U087,"[{'Web Development': 0.8480494466007598}, {'SQL': 0.6192935514925358}, {'Product Management': 0.9577195126661029}, {'UX Design': 0.3311326296199162}, {'Communication': 0.37476262358418777}, {'Python': 0.3670902655719318}, {'Leadership': 0.2695477896543538}, {'Cloud Computing': 0.9539080716809181}]","['GCP', 'AWS', 'Azure']","['C026', 'C008', 'C034', 'C007']",['Data Scientist'],"{'course_completion_rate': 0.969190311197081, 'avg_quiz_score': 88.23021005629917, 'forum_participation': 0.5792937958627585, 'time_spent_weekly': 5}"
U088,"[{'Web Development': 0.7379518690787771}, {'Deep Learning': 0.4448748103589347}, {'Machine Learning': 0.8290783300329552}]",[],"['C042', 'C044', 'C016', 'C030', 'C039', 'C026', 'C010', 'C034']","['Data Scientist', 'ML Engineer']","{'course_completion_rate': 0.5875468920047455, 'avg_quiz_score': 97.69504893327607, 'forum_participation': 0.9117758838352309, 'time_spent_weekly': 19}"
U089,"[{'Leadership': 0.68269834820506}, {'Machine Learning': 0.27629262010789546}, {'Python': 0.7222417873588557}, {'UX Design': 0.8785982495036969}, {'Web Development': 0.24452330497288882}, {'Data Analysis': 0.9019050647812263}]","['Azure', 'AWS']","['C044', 'C029', 'C021', 'C001', 'C007', 'C032', 'C035', 'C031']","['Product Manager', 'Data Scientist']","{'course_completion_rate': 0.7941765997130439, 'avg_quiz_score': 62.49995363444618, 'forum_participation': 0.709966034092696, 'time_spent_weekly': 19}"
U090,"[{'Product Management': 0.2282623068221874}, {'UX Design': 0.2289673249213744}, {'Machine Learning': 0.46068564959144165}, {'Data Analysis': 0.6065501361488156}, {'Web Development': 0.15715080931271197}]","['GCP', 'Azure', 'PMP']",[],['DevOps Engineer'],"{'course_completion_rate': 0.915878862152893, 'avg_quiz_score': 89.17971115112007, 'forum_participation': 0.8559493227216277, 'time_spent_weekly': 14}"
U091,"[{'Data Analysis': 0.1453887662660652}, {'Problem Solving': 0.287792375690484}, {'Python': 0.2597599649922864}, {'SQL': 0.5951318658185885}, {'Leadership': 0.2653353002572615}, {'Deep Learning': 0.4389796419778683}, {'Communication': 0.6682323312506285}, {'Web Development': 0.15360293920296963}]","['AWS', 'GCP']","['C002', 'C026', 'C008']","['Data Scientist', 'Product Manager', 'ML Engineer']","{'course_completion_rate': 0.5702211701032724, 'avg_quiz_score': 96.51000908540348, 'forum_participation': 0.5315552948132772, 'time_spent_weekly': 18}"
U092,"[{'Problem Solving': 0.6754796567129295}, {'Communication': 0.2537431725341226}, {'Deep Learning': 0.7387832514738595}, {'Product Management': 0.6796735151017181}]","['GCP', 'PMP', 'Azure']",[],['DevOps Engineer'],"{'course_completion_rate': 0.6129026084429408, 'avg_quiz_score': 86.79120446631991, 'forum_participation': 0.4695525670658066, 'time_spent_weekly': 13}"
U093,"[{'Python': 0.8173665432014007}, {'UX Design': 0.7167168797341449}, {'Web Development': 0.21000878139760829}, {'Cloud Computing': 0.7440996806249651}, {'Mobile Development': 0.12249301419415932}, {'SQL': 0.3611827786050156}, {'Product Management': 0.5014707476774432}, {'Problem Solving': 0.39705353087713213}]",['GCP'],[],"['Product Manager', 'Data Scientist', 'ML Engineer']","{'course_completion_rate': 0.9251250357998594, 'avg_quiz_score': 60.444994643152725, 'forum_participation': 0.7636423102625817, 'time_spent_weekly': 13}"
U094,"[{'DevOps': 0.5876725178973249}, {'Product Management': 0.33757749231674433}, {'Communication': 0.12494799823574024}, {'Leadership': 0.27599382958078156}]",[],"['C032', 'C028', 'C039', 'C004', 'C047', 'C007', 'C043', 'C020', 'C029']",['Software Developer'],"{'course_completion_rate': 0.5655413126910787, 'avg_quiz_score': 83.86649648626856, 'forum_participation': 0.35918351621401834, 'time_spent_weekly': 9}"
U095,"[{'Mobile Development': 0.7166299806114886}, {'DevOps': 0.23585057976454307}, {'SQL': 0.7551385178158406}, {'Deep Learning': 0.5089976121851797}, {'Leadership': 0.5801943057952067}, {'Communication': 0.13417113683616616}, {'UX Design': 0.14440349983932516}]",['Azure'],['C012'],"['Software Developer', 'UX Designer', 'Product Manager']","{'course_completion_rate': 0.5255710230552468, 'avg_quiz_score': 83.84389745770767, 'forum_participation': 0.43698260069314465, 'time_spent_weekly': 16}"
U096,"[{'Leadership': 0.996145790558538}, {'SQL': 0.7127966609793202}, {'Cloud Computing': 0.3497548814076261}, {'Mobile Development': 0.9232860162165372}, {'Communication': 0.9621491205974723}, {'Data Analysis': 0.9578404935410827}, {'DevOps': 0.8731809928839177}]","['AWS', 'Azure', 'PMP']",[],"['ML Engineer', 'Software Developer']","{'course_completion_rate': 0.5317455926793134, 'avg_quiz_score': 85.79456540541031, 'forum_participation': 0.7652325418314483, 'time_spent_weekly': 3}"
U097,"[{'Web Development': 0.9721061175299681}, {'Product Management': 0.6211043672728797}, {'Cloud Computing': 0.3852435832414176}, {'Data Analysis': 0.7788883422948413}]","['SCRUM', 'GCP']","['C023', 'C029', 'C028']","['Software Developer', 'Product Manager', 'ML Engineer']","{'course_completion_rate': 0.9641408677412905, 'avg_quiz_score': 63.79683693740627, 'forum_participation': 0.2639620338300871, 'time_spent_weekly': 12}"
U098,"[{'Leadership': 0.673411335075095}, {'Machine Learning': 0.8486367878499317}, {'Data Analysis': 0.6815634543841053}]",[],"['C023', 'C004', 'C038', 'C045', 'C043', 'C007', 'C044', 'C030', 'C018', 'C020']",['Product Manager'],"{'course_completion_rate': 0.7481490151914699, 'avg_quiz_score': 71.56562592388447, 'forum_participation': 0.7924542841344138, 'time_spent_weekly': 20}"
U099,"[{'SQL': 0.4251803464739059}, {'Cloud Computing': 0.17565961372207392}, {'Product Management': 0.3265921266722629}, {'Leadership': 0.9781860092041815}, {'Web Development': 0.7279027942808789}]",[],"['C016', 'C006', 'C047', 'C031', 'C024', 'C037', 'C034']","['Data Scientist', 'UX Designer', 'DevOps Engineer']","{'course_completion_rate': 0.5343106004627263, 'avg_quiz_score': 75.46098411376657, 'forum_participation': 0.261167758122987, 'time_spent_weekly': 7}"
U100,"[{'Leadership': 0.26504616566427003}, {'Product Management': 0.20327527797987743}, {'Deep Learning': 0.9506975647658013}, {'UX Design': 0.9891619519134178}, {'Mobile Development': 0.6661588176266202}]","['AWS', 'SCRUM', 'GCP']","['C034', 'C027', 'C029']",['ML Engineer'],"{'course_completion_rate': 0.8691331540643108, 'avg_quiz_score': 96.23625876425231, 'forum_participation': 0.17995311611203768, 'time_spent_weekly': 5}"
U101,"[{'Machine Learning': 0.6449944053305244}, {'UX Design': 0.23917347553262597}, {'Leadership': 0.8706521727728154}, {'Cloud Computing': 0.5186505933510793}]",['SCRUM'],[],['Data Scientist'],"{'course_completion_rate': 0.8388174109449436, 'avg_quiz_score': 98.1407193774269, 'forum_participation': 0.10040110657353818, 'time_spent_weekly': 18}"
U102,"[{'DevOps': 0.8405539003421956}, {'SQL': 0.8136889923843635}, {'Problem Solving': 0.10564781000668826}]","['GCP', 'PMP', 'Azure']","['C028', 'C034', 'C009', 'C020', 'C011', 'C003', 'C043', 'C040', 'C023']","['UX Designer', 'Software Developer']","{'course_completion_rate': 0.5339821837568715, 'avg_quiz_score': 89.21269842414111, 'forum_participation': 0.5647995370638802, 'time_spent_weekly': 4}"
U103,"[{'Python': 0.569567198231926}, {'Product Management': 0.7877127038225494}, {'Machine Learning': 0.11543104835252586}, {'DevOps': 0.3624855926032686}]","['Azure', 'GCP', 'PMP']",[],"['UX Designer', 'Data Scientist', 'DevOps Engineer']","{'course_completion_rate': 0.6642376420934085, 'avg_quiz_score': 99.76839973445739, 'forum_participation': 0.7589205830764685, 'time_spent_weekly': 19}"
U104,"[{'Deep Learning': 0.1770570685059092}, {'SQL': 0.2495059281742495}, {'Python': 0.9820643623548192}]",['PMP'],"['C030', 'C022', 'C037', 'C034', 'C033']",['DevOps Engineer'],"{'course_completion_rate': 0.6729666743685545, 'avg_quiz_score': 76.17043236265118, 'forum_participation': 0.9438426490273835, 'time_spent_weekly': 1}"
U105,"[{'Product Management': 0.10878147890007767}, {'Web Development': 0.14865138663415028}, {'Machine Learning': 0.4833026040923142}, {'DevOps': 0.47955909361253324}, {'SQL': 0.42438037633176173}, {'Communication': 0.3757006118824666}, {'Leadership': 0.816340062502326}]",['GCP'],"['C044', 'C036', 'C045', 'C031', 'C029', 'C043', 'C037', 'C035']","['Product Manager', 'UX Designer']","{'course_completion_rate': 0.6382201600361493, 'avg_quiz_score': 61.24457559182373, 'forum_participation': 0.6077227449703719, 'time_spent_weekly': 18}"
U106,"[{'Data Analysis': 0.3040809598029858}, {'Web Development': 0.3108828690876629}, {'Problem Solving': 0.10792948549944394}, {'Mobile Development': 0.35971036575452575}, {'Product Management': 0.557750083526312}, {'Machine Learning': 0.27429689284422704}]",[],['C014'],['ML Engineer'],"{'course_completion_rate': 0.6070921551097819, 'avg_quiz_score': 69.27979565402126, 'forum_participation': 0.6498866935246314, 'time_spent_weekly': 11}"
U107,"[{'Machine Learning': 0.6533919960013791}, {'Deep Learning': 0.9208515051132591}, {'Cloud Computing': 0.5183837551536401}, {'UX Design': 0.7316779978872056}, {'DevOps': 0.46388091829832956}, {'Mobile Development': 0.42681448247828857}, {'Problem Solving': 0.2832318542845532}]",['AWS'],['C011'],['ML Engineer'],"{'course_completion_rate': 0.5915324509138105, 'avg_quiz_score': 93.41638473691631, 'forum_participation': 0.45828986020488527, 'time_spent_weekly': 1}"
U108,"[{'Python': 0.6751474919842059}, {'Problem Solving': 0.8944738266023096}, {'Cloud Computing': 0.6481160476286388}, {'DevOps': 0.8886973999181866}, {'Machine Learning': 0.9087741769316708}, {'Communication': 0.2107968393557036}, {'Data Analysis': 0.21732393538829176}]","['SCRUM', 'GCP']","['C019', 'C028', 'C044', 'C048', 'C046', 'C026']",['UX Designer'],"{'course_completion_rate': 0.9680993782913395, 'avg_quiz_score': 76.64029849244069, 'forum_participation': 0.1672524811101329, 'time_spent_weekly': 15}"
U109,"[{'Web Development': 0.8427892823134119}, {'DevOps': 0.5607517232524498}, {'Python': 0.21175829302479537}, {'Deep Learning': 0.9941171187053134}, {'Problem Solving': 0.4371576556175657}, {'UX Design': 0.1771971195100654}]","['SCRUM', 'PMP']","['C036', 'C024', 'C045', 'C049', 'C039', 'C013', 'C009', 'C006']","['ML Engineer', 'Software Developer']","{'course_completion_rate': 0.9505126863361468, 'avg_quiz_score': 63.618246853304356, 'forum_participation': 0.05716982992440356, 'time_spent_weekly': 18}"
U110,"[{'Mobile Development': 0.10898700570693415}, {'Deep Learning': 0.7185379721630367}, {'DevOps': 0.7913278794373434}, {'Product Management': 0.5245583419124167}]",['PMP'],"['C030', 'C050', 'C032', 'C008', 'C014', 'C043', 'C003', 'C048']",['DevOps Engineer'],"{'course_completion_rate': 0.8041547056142014, 'avg_quiz_score': 87.30736850966956, 'forum_participation': 0.6265857544981863, 'time_spent_weekly': 5}"
U111,"[{'SQL': 0.1634549083742115}, {'Problem Solving': 0.4271474260716338}, {'UX Design': 0.6520424153705295}, {'Python': 0.597109848309684}, {'Mobile Development': 0.7559892428766377}]","['Azure', 'SCRUM']",['C001'],"['Data Scientist', 'UX Designer', 'Product Manager']","{'course_completion_rate': 0.8124313433458406, 'avg_quiz_score': 73.35717280557193, 'forum_participation': 0.9805315593278764, 'time_spent_weekly': 20}"
U112,"[{'Problem Solving': 0.969792834529446}, {'UX Design': 0.7434869864693375}, {'Machine Learning': 0.1213182612050101}, {'Mobile Development': 0.9278596709546035}, {'Cloud Computing': 0.7743434892423794}, {'Python': 0.13390434141737007}, {'Communication': 0.5462968535645638}]","['PMP', 'Azure']","['C003', 'C015', 'C007', 'C002', 'C044', 'C026', 'C050']",['ML Engineer'],"{'course_completion_rate': 0.7080545496132147, 'avg_quiz_score': 64.02142911102426, 'forum_participation': 0.3074890348799241, 'time_spent_weekly': 10}"
U113,"[{'UX Design': 0.6914764094701832}, {'DevOps': 0.9041719586155189}, {'Machine Learning': 0.20787533373692588}, {'Python': 0.5531285426507611}, {'Mobile Development': 0.5549197830371156}, {'Leadership': 0.18206140586898933}, {'SQL': 0.7621995163642805}, {'Deep Learning': 0.2468844439311392}]",[],"['C034', 'C017']","['UX Designer', 'Product Manager']","{'course_completion_rate': 0.9298420988571783, 'avg_quiz_score': 99.86664209725761, 'forum_participation': 0.7533832981432932, 'time_spent_weekly': 20}"
U114,"[{'UX Design': 0.5185797651901888}, {'Problem Solving': 0.6051151626416664}, {'DevOps': 0.6385647430259516}, {'Leadership': 0.15953848319839026}]","['SCRUM', 'Azure']","['C012', 'C042', 'C041']","['Data Scientist', 'ML Engineer']","{'course_completion_rate': 0.8216537924611356, 'avg_quiz_score': 86.96367216238758, 'forum_participation': 0.05578954772925915, 'time_spent_weekly': 5}"
U115,"[{'Product Management': 0.8228617680697285}, {'UX Design': 0.13953550237443327}, {'DevOps': 0.13361204624371445}, {'Leadership': 0.818339545386748}, {'SQL': 0.12316792438155211}]","['Azure', 'PMP', 'GCP']",['C034'],"['ML Engineer', 'DevOps Engineer']","{'course_completion_rate': 0.9060678041187264, 'avg_quiz_score': 90.3245576260572, 'forum_participation': 0.02362744792926197, 'time_spent_weekly': 16}"
U116,"[{'Machine Learning': 0.8302129285940595}, {'Python': 0.14384250833168222}, {'Leadership': 0.349244591804311}, {'UX Design': 0.6452712790783915}]","['PMP', 'Azure', 'AWS']","['C006', 'C011', 'C002', 'C049', 'C035']",['ML Engineer'],"{'course_completion_rate': 0.88762686391758, 'avg_quiz_score': 64.07758488068706, 'forum_participation': 0.48245622900800267, 'time_spent_weekly': 1}"
U117,"[{'UX Design': 0.8066781419944947}, {'Product Management': 0.9106106793913298}, {'Cloud Computing': 0.44571526411764395}, {'DevOps': 0.9542484476414227}]","['SCRUM', 'GCP']",['C010'],"['UX Designer', 'DevOps Engineer']","{'course_completion_rate': 0.7398055107317977, 'avg_quiz_score': 98.47619326519771, 'forum_participation': 0.638119929160815, 'time_spent_weekly': 4}"
U118,"[{'Deep Learning': 0.5421813031592794}, {'SQL': 0.8934510028056238}, {'Problem Solving': 0.7015306993341469}, {'Product Management': 0.7613900454563423}]","['PMP', 'AWS', 'Azure']","['C006', 'C015', 'C036', 'C050']","['ML Engineer', 'UX Designer']","{'course_completion_rate': 0.7823728594069023, 'avg_quiz_score': 61.19216397697541, 'forum_participation': 0.4583875421941612, 'time_spent_weekly': 9}"
U119,"[{'UX Design': 0.8759501252617933}, {'Cloud Computing': 0.8199678149129778}, {'Product Management': 0.39658556574218085}, {'Leadership': 0.2949616033996607}]",[],[],['UX Designer'],"{'course_completion_rate': 0.5015370955173907, 'avg_quiz_score': 99.72940749066521, 'forum_participation': 0.9971451425328874, 'time_spent_weekly': 4}"
U120,"[{'Web Development': 0.8013179941017767}, {'Product Management': 0.7554686494563497}, {'Problem Solving': 0.8002374647874451}]",['AWS'],['C013'],"['Product Manager', 'UX Designer', 'Data Scientist']","{'course_completion_rate': 0.7628548953068457, 'avg_quiz_score': 94.29667941477277, 'forum_participation': 0.4628946129177569, 'time_spent_weekly': 19}"
U121,"[{'Mobile Development': 0.8239644477716908}, {'UX Design': 0.5691443698380089}, {'Deep Learning': 0.5812444907766413}, {'Problem Solving': 0.37545759904992815}, {'Product Management': 0.5755273852349815}, {'Communication': 0.5028442467323893}, {'Web Development': 0.16620280779535118}]","['SCRUM', 'PMP', 'Azure']",[],"['ML Engineer', 'Software Developer', 'Product Manager']","{'course_completion_rate': 0.9480832426942526, 'avg_quiz_score': 68.18896094949855, 'forum_participation': 0.6886907555035107, 'time_spent_weekly': 13}"
U122,"[{'Leadership': 0.5917676946257474}, {'Python': 0.8029861210250865}, {'Cloud Computing': 0.44786483837280466}, {'SQL': 0.40611450877531974}]",['Azure'],"['C010', 'C013', 'C016']","['DevOps Engineer', 'ML Engineer', 'UX Designer']","{'course_completion_rate': 0.9200882678225788, 'avg_quiz_score': 85.66125201487715, 'forum_participation': 0.9842530931971395, 'time_spent_weekly': 8}"
U123,"[{'Mobile Development': 0.46064870359189947}, {'UX Design': 0.8305258150886689}, {'Data Analysis': 0.658032956751077}, {'SQL': 0.8454999790432344}, {'DevOps': 0.22610743703757874}, {'Deep Learning': 0.6508807327446928}]",[],"['C027', 'C003', 'C035', 'C016', 'C023']","['Product Manager', 'UX Designer']","{'course_completion_rate': 0.7267697249531235, 'avg_quiz_score': 82.01679777429833, 'forum_participation': 0.8113667709693299, 'time_spent_weekly': 10}"
U124,"[{'Web Development': 0.9170289161462722}, {'Cloud Computing': 0.8171587532072111}, {'Deep Learning': 0.7956946568643047}, {'Leadership': 0.7346015539894662}, {'SQL': 0.6744299538464938}, {'Product Management': 0.8957689087686458}, {'Problem Solving': 0.9220854032711636}]",[],"['C018', 'C003']","['Data Scientist', 'DevOps Engineer', 'ML Engineer']","{'course_completion_rate': 0.6810022904129367, 'avg_quiz_score': 99.48986377058887, 'forum_participation': 0.6506275979013552, 'time_spent_weekly': 14}"
U125,"[{'SQL': 0.433587782701646}, {'Problem Solving': 0.9117563434379321}, {'Data Analysis': 0.6003280607557886}, {'UX Design': 0.46332433307553866}, {'Deep Learning': 0.4164658848132555}]","['GCP', 'Azure', 'AWS']","['C047', 'C012', 'C009', 'C050']","['Software Developer', 'UX Designer']","{'course_completion_rate': 0.9241667422024972, 'avg_quiz_score': 98.83426352569955, 'forum_participation': 0.7338151857979908, 'time_spent_weekly': 3}"
U126,"[{'DevOps': 0.9791174951121016}, {'Leadership': 0.9601763830778796}, {'Web Development': 0.283409229561544}, {'Deep Learning': 0.503357110975968}, {'Data Analysis': 0.52734875750233}]","['GCP', 'Azure']",['C015'],['DevOps Engineer'],"{'course_completion_rate': 0.8461241574743903, 'avg_quiz_score': 73.87003722893414, 'forum_participation': 0.4520739281354401, 'time_spent_weekly': 10}"
U127,"[{'Product Management': 0.36975483682866706}, {'UX Design': 0.9512712147617152}, {'Problem Solving': 0.4525558295233302}, {'Web Development': 0.4136333070287276}, {'Communication': 0.4116949365881858}, {'Mobile Development': 0.496904898769171}]","['PMP', 'GCP', 'SCRUM']","['C047', 'C042', 'C040', 'C014', 'C011', 'C019', 'C030', 'C021']","['Data Scientist', 'ML Engineer']","{'course_completion_rate': 0.8244126044017973, 'avg_quiz_score': 69.1704327056646, 'forum_participation': 0.7943623532648576, 'time_spent_weekly': 13}"
U128,"[{'Python': 0.7510177693898714}, {'Leadership': 0.3863820669528504}, {'UX Design': 0.20847400570404734}, {'Mobile Development': 0.8558604989810181}, {'Cloud Computing': 0.7545052190308341}, {'Deep Learning': 0.605377132476987}]",[],"['C027', 'C039', 'C036', 'C022', 'C017', 'C004', 'C009']",['Product Manager'],"{'course_completion_rate': 0.5274182440069475, 'avg_quiz_score': 92.5707858172375, 'forum_participation': 0.7709102718534361, 'time_spent_weekly': 11}"
U129,"[{'UX Design': 0.42535716738645524}, {'Problem Solving': 0.8303389107316868}, {'Cloud Computing': 0.1122126186688801}, {'Data Analysis': 0.8334652270993123}, {'DevOps': 0.7976277969680725}, {'Deep Learning': 0.5632695699904563}, {'SQL': 0.5739946178482732}]",[],"['C031', 'C022', 'C030', 'C015', 'C041']",['Data Scientist'],"{'course_completion_rate': 0.7253978703151657, 'avg_quiz_score': 84.54146765588658, 'forum_participation': 0.7851688291237131, 'time_spent_weekly': 17}"
U130,"[{'Data Analysis': 0.9553751617474749}, {'Web Development': 0.6205228873474686}, {'Problem Solving': 0.8367760648886514}, {'Mobile Development': 0.6551646708165331}]",['AWS'],"['C050', 'C040', 'C026', 'C044', 'C018', 'C029']","['ML Engineer', 'UX Designer']","{'course_completion_rate': 0.5951293925954619, 'avg_quiz_score': 64.76147967926912, 'forum_participation': 0.52547907518116, 'time_spent_weekly': 19}"
U131,"[{'Problem Solving': 0.9474578089587156}, {'Cloud Computing': 0.9094621802539118}, {'Product Management': 0.6295901264706687}, {'Data Analysis': 0.5360569483571973}, {'UX Design': 0.6002515839856509}, {'Communication': 0.2204284624942085}]","['PMP', 'SCRUM', 'Azure']","['C039', 'C034', 'C011', 'C004', 'C042', 'C019', 'C017', 'C038']",['Product Manager'],"{'course_completion_rate': 0.7462789529982313, 'avg_quiz_score': 65.73406897080044, 'forum_participation': 0.5960605444472452, 'time_spent_weekly': 9}"
U132,"[{'Deep Learning': 0.4966998599050474}, {'Mobile Development': 0.5825469005939589}, {'Problem Solving': 0.975981172270751}]",['PMP'],"['C038', 'C006', 'C003', 'C002', 'C027', 'C042', 'C044', 'C012', 'C024']","['DevOps Engineer', 'ML Engineer']","{'course_completion_rate': 0.6688187470645428, 'avg_quiz_score': 80.29087548627017, 'forum_participation': 0.1846504510301119, 'time_spent_weekly': 3}"
U133,"[{'Communication': 0.8395449445589547}, {'DevOps': 0.45885310617306996}, {'Python': 0.8209782004454902}, {'Web Development': 0.9063744677027633}]","['AWS', 'Azure', 'GCP']",['C011'],"['Data Scientist', 'DevOps Engineer', 'Product Manager']","{'course_completion_rate': 0.5180299198754845, 'avg_quiz_score': 77.82008325916738, 'forum_participation': 0.4085158233509585, 'time_spent_weekly': 18}"
U134,"[{'SQL': 0.5725882477041699}, {'DevOps': 0.5057043286641504}, {'Machine Learning': 0.1943572295155519}, {'Deep Learning': 0.9275455755167454}]",['GCP'],['C025'],"['DevOps Engineer', 'Data Scientist', 'ML Engineer']","{'course_completion_rate': 0.6334732468659401, 'avg_quiz_score': 61.70049962890284, 'forum_participation': 0.6413870671620471, 'time_spent_weekly': 3}"
U135,"[{'Data Analysis': 0.7530853716106478}, {'Python': 0.7179680823154607}, {'Machine Learning': 0.67119166031381}, {'Communication': 0.8809865522598453}, {'Leadership': 0.610781592048585}, {'Web Development': 0.5234991280784025}]",[],"['C013', 'C017', 'C039', 'C008', 'C049', 'C048', 'C025', 'C027', 'C022', 'C004']","['UX Designer', 'Data Scientist']","{'course_completion_rate': 0.6598388459239664, 'avg_quiz_score': 93.16348332397189, 'forum_participation': 0.09318630506099901, 'time_spent_weekly': 1}"
U136,"[{'Data Analysis': 0.8643257079782105}, {'Deep Learning': 0.7237733109915079}, {'UX Design': 0.16007855563456927}, {'Web Development': 0.8438452186771936}, {'Problem Solving': 0.5749874641709439}, {'SQL': 0.12562794995156504}, {'Cloud Computing': 0.939250259127086}, {'DevOps': 0.11132892351370549}]",['AWS'],"['C014', 'C011', 'C046', 'C044', 'C018', 'C050']","['DevOps Engineer', 'Software Developer', 'UX Designer']","{'course_completion_rate': 0.9423878637801771, 'avg_quiz_score': 70.01886396733664, 'forum_participation': 0.5945821510754292, 'time_spent_weekly': 2}"
U137,"[{'Machine Learning': 0.23222416738517665}, {'Product Management': 0.9065605428768623}, {'Leadership': 0.8764894082990652}, {'SQL': 0.4848559741862093}]",['Azure'],"['C038', 'C019', 'C016', 'C014', 'C046', 'C023']",['Data Scientist'],"{'course_completion_rate': 0.7518571249776963, 'avg_quiz_score': 75.77307432550909, 'forum_participation': 0.9747823242543254, 'time_spent_weekly': 3}"
U138,"[{'Cloud Computing': 0.8348748068241939}, {'Communication': 0.35755186814180784}, {'Python': 0.12551335816076772}, {'Deep Learning': 0.3156169483532837}, {'UX Design': 0.7583804666117717}, {'Leadership': 0.34488998737067567}, {'Mobile Development': 0.21844715054935418}]",[],"['C049', 'C041', 'C047']",['ML Engineer'],"{'course_completion_rate': 0.7683190398796033, 'avg_quiz_score': 73.31942897124641, 'forum_participation': 0.08962205953605684, 'time_spent_weekly': 7}"
U139,"[{'DevOps': 0.7156754669363483}, {'Leadership': 0.635590837136456}, {'Machine Learning': 0.12332952693110591}, {'Data Analysis': 0.9763349992913606}, {'Problem Solving': 0.14175176165400252}, {'Cloud Computing': 0.2575551700207328}]","['PMP', 'Azure', 'SCRUM']",['C042'],"['Product Manager', 'UX Designer', 'DevOps Engineer']","{'course_completion_rate': 0.5004321632630856, 'avg_quiz_score': 78.45712520872821, 'forum_participation': 0.5692564369766864, 'time_spent_weekly': 11}"
U140,"[{'Mobile Development': 0.34236718104950825}, {'Machine Learning': 0.7252601900590441}, {'Data Analysis': 0.3926762393970006}]","['GCP', 'SCRUM', 'PMP']","['C023', 'C030', 'C006', 'C009', 'C032', 'C021', 'C011', 'C033', 'C017']","['DevOps Engineer', 'ML Engineer', 'Product Manager']","{'course_completion_rate': 0.7283920902521087, 'avg_quiz_score': 81.34838387849832, 'forum_participation': 0.84704034695696, 'time_spent_weekly': 2}"
U141,"[{'Communication': 0.9137241303336998}, {'Web Development': 0.30920256552724396}, {'SQL': 0.8121574023548938}]",['Azure'],"['C037', 'C028', 'C025', 'C015', 'C022', 'C027', 'C003', 'C017', 'C043', 'C012']","['Product Manager', 'Data Scientist', 'UX Designer']","{'course_completion_rate': 0.9297400236385072, 'avg_quiz_score': 92.6350724313703, 'forum_participation': 0.8517692675387338, 'time_spent_weekly': 3}"
U142,"[{'Machine Learning': 0.9312793882544856}, {'Web Development': 0.43335367820332416}, {'Deep Learning': 0.9089197892148797}, {'Problem Solving': 0.23561642203105707}, {'Product Management': 0.7174183517999937}, {'Leadership': 0.32539533671548393}, {'Python': 0.5459869535489797}]","['GCP', 'SCRUM', 'PMP']","['C047', 'C016', 'C034', 'C029', 'C027', 'C045', 'C030', 'C038']","['Software Developer', 'ML Engineer', 'UX Designer']","{'course_completion_rate': 0.8555899285967717, 'avg_quiz_score': 89.98850061948865, 'forum_participation': 0.8091517902513908, 'time_spent_weekly': 14}"
U143,"[{'Deep Learning': 0.3296992456847537}, {'Product Management': 0.5734150493096526}, {'Cloud Computing': 0.34848832016005826}, {'Data Analysis': 0.30044921107207506}, {'Leadership': 0.44225687682179937}, {'Problem Solving': 0.7210512923332018}, {'Web Development': 0.44722873313115874}, {'DevOps': 0.4615428721699877}]","['AWS', 'Azure']","['C012', 'C015', 'C002', 'C045', 'C044', 'C023', 'C019']","['Product Manager', 'Software Developer']","{'course_completion_rate': 0.6399031368037391, 'avg_quiz_score': 69.81872327086563, 'forum_participation': 0.20219203145585407, 'time_spent_weekly': 5}"
U144,"[{'Product Management': 0.9794684680799921}, {'Machine Learning': 0.7008661339981088}, {'Cloud Computing': 0.7007701903313356}, {'Python': 0.6730043651510832}, {'DevOps': 0.5462313400147538}]","['PMP', 'GCP']","['C025', 'C015']",['Software Developer'],"{'course_completion_rate': 0.977203650207388, 'avg_quiz_score': 63.709126747698804, 'forum_participation': 0.2026903934348946, 'time_spent_weekly': 3}"
U145,"[{'Python': 0.7114616704308453}, {'Data Analysis': 0.41901914389960826}, {'UX Design': 0.9274473383631273}, {'Deep Learning': 0.5017405669516062}, {'SQL': 0.11270253587318052}, {'Problem Solving': 0.24665115054904396}, {'Web Development': 0.9419221788800946}, {'Mobile Development': 0.6834021387371194}]",['AWS'],"['C038', 'C037', 'C010', 'C028', 'C030', 'C009', 'C029', 'C016']","['ML Engineer', 'Software Developer']","{'course_completion_rate': 0.652416416124274, 'avg_quiz_score': 89.37242029883612, 'forum_participation': 0.2631010796959461, 'time_spent_weekly': 12}"
U146,"[{'Data Analysis': 0.12003533056050693}, {'DevOps': 0.5109024929764036}, {'SQL': 0.9232642940863914}, {'Product Management': 0.7734146721185395}, {'Python': 0.4134964778658231}, {'Mobile Development': 0.7551671518420993}, {'UX Design': 0.6624381220123653}, {'Communication': 0.5259695963071961}]",['AWS'],[],['ML Engineer'],"{'course_completion_rate': 0.693878295659202, 'avg_quiz_score': 78.90743741714988, 'forum_participation': 0.6267440366748526, 'time_spent_weekly': 16}"
U147,"[{'Communication': 0.26309916027077}, {'Cloud Computing': 0.6611913217348176}, {'SQL': 0.34969952502933344}, {'Product Management': 0.3789261164499379}, {'Leadership': 0.1508581475868561}, {'Python': 0.57749802151521}, {'Mobile Development': 0.6218762122705583}, {'Data Analysis': 0.35304909095577375}]","['SCRUM', 'GCP']","['C050', 'C045', 'C003', 'C039']",['UX Designer'],"{'course_completion_rate': 0.9184521371244841, 'avg_quiz_score': 91.04107640672439, 'forum_participation': 0.49474881448582564, 'time_spent_weekly': 2}"
U148,"[{'Communication': 0.9489124837739864}, {'Data Analysis': 0.756786850164619}, {'UX Design': 0.1972808577416626}, {'Product Management': 0.2511185557492955}, {'Cloud Computing': 0.2485503623945871}, {'Deep Learning': 0.4413984404730763}, {'Leadership': 0.16411305750538802}, {'SQL': 0.9019555360209273}]",['AWS'],"['C007', 'C023', 'C001']","['Product Manager', 'Software Developer']","{'course_completion_rate': 0.8954098172272527, 'avg_quiz_score': 93.19571655215435, 'forum_participation': 0.2537745623654186, 'time_spent_weekly': 17}"
U149,"[{'Product Management': 0.49812439250792484}, {'Communication': 0.3735971247506341}, {'SQL': 0.22468583905078215}, {'Data Analysis': 0.7736647117291576}, {'Deep Learning': 0.5997191985484442}, {'Machine Learning': 0.6553489877531207}, {'UX Design': 0.3855174488633055}, {'Cloud Computing': 0.2179642569096238}]",[],"['C025', 'C048', 'C043', 'C027']",['UX Designer'],"{'course_completion_rate': 0.5541946966854039, 'avg_quiz_score': 99.98199976192379, 'forum_participation': 0.8838961149969424, 'time_spent_weekly': 18}"
U150,"[{'Deep Learning': 0.1141508844561486}, {'SQL': 0.23753836766591468}, {'DevOps': 0.9218035346524712}, {'Communication': 0.21466021621030912}]","['Azure', 'PMP', 'AWS']","['C039', 'C002', 'C004', 'C018', 'C017', 'C010', 'C048', 'C029', 'C050']",['Product Manager'],"{'course_completion_rate': 0.6940662010998239, 'avg_quiz_score': 66.65966838594098, 'forum_participation': 0.4400200344143288, 'time_spent_weekly': 7}"
U151,"[{'DevOps': 0.9470671227837866}, {'Leadership': 0.8917421720961412}, {'Web Development': 0.574882790193946}, {'Product Management': 0.620066318208077}, {'Mobile Development': 0.2516326019809088}, {'Python': 0.4442699422945703}]",['Azure'],"['C014', 'C036', 'C022', 'C003', 'C013', 'C023', 'C026']","['Software Developer', 'UX Designer']","{'course_completion_rate': 0.5351148954322998, 'avg_quiz_score': 90.95643344204385, 'forum_participation': 0.9527833961000942, 'time_spent_weekly': 9}"
U152,"[{'Cloud Computing': 0.8918004442383837}, {'Problem Solving': 0.31471317130198745}, {'Machine Learning': 0.8149715257256603}]",[],[],"['Software Developer', 'DevOps Engineer', 'Product Manager']","{'course_completion_rate': 0.7758186698100891, 'avg_quiz_score': 91.83197222537474, 'forum_participation': 0.17704282200777766, 'time_spent_weekly': 15}"
U153,"[{'UX Design': 0.5264523569019107}, {'Problem Solving': 0.6606065377518524}, {'Leadership': 0.24306092651870134}, {'Cloud Computing': 0.15387538452308172}, {'Machine Learning': 0.7546674964384766}, {'Web Development': 0.3271688262970197}]",['GCP'],"['C040', 'C007', 'C009', 'C033', 'C026', 'C034', 'C015', 'C049', 'C039']","['DevOps Engineer', 'ML Engineer', 'Software Developer']","{'course_completion_rate': 0.9921976173902226, 'avg_quiz_score': 95.2884455500293, 'forum_participation': 0.43776331342604047, 'time_spent_weekly': 6}"
U154,"[{'UX Design': 0.2518964911965121}, {'DevOps': 0.21919408921388506}, {'SQL': 0.37921613727779224}, {'Deep Learning': 0.15080371276285323}, {'Communication': 0.15361452863424122}, {'Leadership': 0.5953012080513282}]","['SCRUM', 'AWS', 'GCP']","['C019', 'C014', 'C020', 'C043', 'C026', 'C006']","['Data Scientist', 'UX Designer', 'ML Engineer']","{'course_completion_rate': 0.847005344046065, 'avg_quiz_score': 70.96334647150927, 'forum_participation': 0.8402396085803464, 'time_spent_weekly': 7}"
U155,"[{'Python': 0.9893823325384962}, {'Cloud Computing': 0.7506696575918937}, {'Mobile Development': 0.6580447756787888}, {'Machine Learning': 0.8159647322365763}, {'Data Analysis': 0.9061726109805521}]","['PMP', 'Azure', 'SCRUM']","['C049', 'C037', 'C004', 'C043', 'C041']","['Data Scientist', 'DevOps Engineer']","{'course_completion_rate': 0.9771124583022264, 'avg_quiz_score': 72.7465805950979, 'forum_participation': 0.15009949209332596, 'time_spent_weekly': 7}"
U156,"[{'SQL': 0.5325745144918543}, {'Mobile Development': 0.9090677174127729}, {'Deep Learning': 0.9275781416937066}, {'Machine Learning': 0.5500288590554853}, {'Product Management': 0.428729040003619}, {'Cloud Computing': 0.36382134620311357}, {'Leadership': 0.9213340254561809}]","['PMP', 'GCP', 'SCRUM']","['C013', 'C044', 'C015', 'C010', 'C039']","['Data Scientist', 'DevOps Engineer']","{'course_completion_rate': 0.563534027002197, 'avg_quiz_score': 99.79381616731362, 'forum_participation': 0.9712546336686572, 'time_spent_weekly': 16}"
U157,"[{'Deep Learning': 0.6282284105705344}, {'SQL': 0.5492192697101338}, {'Product Management': 0.5316281108881563}, {'Mobile Development': 0.46794585324745597}, {'Problem Solving': 0.16410022859506695}, {'DevOps': 0.9409742951719994}]",['AWS'],"['C034', 'C011', 'C042']",['ML Engineer'],"{'course_completion_rate': 0.6062302954986405, 'avg_quiz_score': 62.931561190508205, 'forum_participation': 0.8974863015375741, 'time_spent_weekly': 8}"
U158,"[{'Machine Learning': 0.4997247915390175}, {'SQL': 0.9911296662796957}, {'DevOps': 0.8119485603957225}]",[],"['C047', 'C006', 'C009', 'C029', 'C028']",['UX Designer'],"{'course_completion_rate': 0.7117159997547671, 'avg_quiz_score': 70.81023645604004, 'forum_participation': 0.13091554167184227, 'time_spent_weekly': 19}"
U159,"[{'DevOps': 0.5646712099558236}, {'Deep Learning': 0.1042523226940059}, {'Web Development': 0.6252725261551596}, {'Cloud Computing': 0.7756789842600381}, {'Machine Learning': 0.9454088512999453}, {'UX Design': 0.13671188313945548}, {'Problem Solving': 0.7560288069711848}]",['GCP'],"['C042', 'C047', 'C030', 'C035', 'C039']","['DevOps Engineer', 'Data Scientist']","{'course_completion_rate': 0.7090369988839431, 'avg_quiz_score': 69.20899726886047, 'forum_participation': 0.38585296371992783, 'time_spent_weekly': 5}"
U160,"[{'Problem Solving': 0.5557960249979478}, {'Mobile Development': 0.27207865002842835}, {'Python': 0.4463071431318759}, {'Leadership': 0.9688104998045615}, {'UX Design': 0.6294124634854054}, {'Machine Learning': 0.6032789735865167}, {'Data Analysis': 0.2090772838161018}, {'Cloud Computing': 0.3242115150940167}]",['PMP'],"['C023', 'C050', 'C042', 'C046', 'C027', 'C020', 'C015', 'C049', 'C032']",['Software Developer'],"{'course_completion_rate': 0.9344548325266002, 'avg_quiz_score': 87.75059277583657, 'forum_participation': 0.7821112487105341, 'time_spent_weekly': 17}"
U161,"[{'DevOps': 0.7493195973476002}, {'Deep Learning': 0.43016188868182637}, {'Web Development': 0.4615759675868055}, {'Python': 0.5642502162182021}, {'Data Analysis': 0.5914033488996873}, {'Mobile Development': 0.7150561036997128}]",[],"['C009', 'C026', 'C038', 'C023']","['ML Engineer', 'Software Developer']","{'course_completion_rate': 0.7708009059860098, 'avg_quiz_score': 77.33849665540491, 'forum_participation': 0.725501110438481, 'time_spent_weekly': 1}"
U162,"[{'DevOps': 0.31635557904257106}, {'Deep Learning': 0.4730125398662234}, {'Product Management': 0.5709715107484965}, {'Python': 0.23480481342922702}]",['AWS'],"['C043', 'C027', 'C009', 'C012', 'C006', 'C018', 'C016', 'C039', 'C032']","['Software Developer', 'DevOps Engineer']","{'course_completion_rate': 0.5534548216312358, 'avg_quiz_score': 91.98287234285675, 'forum_participation': 0.0060790982684650885, 'time_spent_weekly': 16}"
U163,"[{'DevOps': 0.6080295834719771}, {'Cloud Computing': 0.11630087722716088}, {'Machine Learning': 0.671686426593361}, {'Product Management': 0.6204412171415516}, {'Python': 0.24314729549294126}, {'Mobile Development': 0.44772907325660216}, {'Data Analysis': 0.5769935736831633}]","['Azure', 'AWS', 'PMP']","['C029', 'C001', 'C042']",['Product Manager'],"{'course_completion_rate': 0.5096232282817701, 'avg_quiz_score': 77.39658378281831, 'forum_participation': 0.3518286461056981, 'time_spent_weekly': 20}"
U164,"[{'SQL': 0.16213856934315793}, {'Mobile Development': 0.34985274771813196}, {'DevOps': 0.42168185787599644}, {'Product Management': 0.9980652005993631}, {'UX Design': 0.6374051847830372}, {'Communication': 0.4834350145137595}, {'Data Analysis': 0.9701330000619119}]",[],"['C010', 'C017', 'C009', 'C024', 'C046', 'C022', 'C007', 'C048', 'C008', 'C042']","['Data Scientist', 'ML Engineer']","{'course_completion_rate': 0.9647724412462274, 'avg_quiz_score': 77.45233881423997, 'forum_participation': 0.6130569653061309, 'time_spent_weekly': 18}"
U165,"[{'Cloud Computing': 0.7611648024543884}, {'DevOps': 0.42816034619172716}, {'Leadership': 0.22841385700528638}, {'SQL': 0.7394663543640454}]","['Azure', 'SCRUM', 'GCP']","['C023', 'C011', 'C032', 'C001', 'C034', 'C017', 'C015', 'C033']","['ML Engineer', 'Software Developer']","{'course_completion_rate': 0.5550764956716363, 'avg_quiz_score': 63.68083338252284, 'forum_participation': 0.31396893867746434, 'time_spent_weekly': 15}"
U166,"[{'Mobile Development': 0.3187340052298573}, {'Product Management': 0.45475063264388504}, {'Cloud Computing': 0.49934312852225604}, {'Data Analysis': 0.1908339991999921}]","['GCP', 'SCRUM', 'AWS']","['C048', 'C001', 'C034', 'C003', 'C038', 'C021', 'C012', 'C016', 'C036', 'C017']",['Software Developer'],"{'course_completion_rate': 0.9332593857996576, 'avg_quiz_score': 71.58552705530334, 'forum_participation': 0.12376305377765207, 'time_spent_weekly': 12}"
U167,"[{'Data Analysis': 0.8312034151219219}, {'Deep Learning': 0.5829234077879614}, {'Machine Learning': 0.5130150996958761}, {'Python': 0.1276437723659965}]","['Azure', 'SCRUM']","['C012', 'C006', 'C029', 'C020', 'C022', 'C005', 'C038', 'C032', 'C042', 'C043']","['Data Scientist', 'UX Designer', 'Software Developer']","{'course_completion_rate': 0.6358014070309193, 'avg_quiz_score': 63.124857738654015, 'forum_participation': 0.1325638257237962, 'time_spent_weekly': 5}"
U168,"[{'Data Analysis': 0.6839750502239142}, {'Machine Learning': 0.8679719368057002}, {'SQL': 0.6270995791737666}, {'DevOps': 0.6978847584622764}, {'Problem Solving': 0.7223182279392226}, {'UX Design': 0.31130279594258536}, {'Cloud Computing': 0.5367623851854255}, {'Communication': 0.8579322110477644}]","['AWS', 'GCP', 'SCRUM']","['C030', 'C001', 'C043', 'C003', 'C044', 'C024']","['ML Engineer', 'Software Developer', 'Data Scientist']","{'course_completion_rate': 0.5768930963669114, 'avg_quiz_score': 86.22663032088929, 'forum_participation': 0.40265837987915065, 'time_spent_weekly': 9}"
U169,"[{'Mobile Development': 0.7856750939214235}, {'UX Design': 0.6855487804623585}, {'Python': 0.8486813270961838}, {'Data Analysis': 0.2672547900275089}]",[],"['C017', 'C048', 'C039', 'C033']","['Product Manager', 'UX Designer', 'ML Engineer']","{'course_completion_rate': 0.5768282553243826, 'avg_quiz_score': 87.17747686855398, 'forum_participation': 0.07764880099506621, 'time_spent_weekly': 11}"
U170,"[{'UX Design': 0.8859654055523415}, {'Product Management': 0.9182347761030302}, {'Cloud Computing': 0.7021818070528221}, {'Mobile Development': 0.9348718085740985}, {'Deep Learning': 0.2733838751399369}, {'DevOps': 0.7109615405612407}]",['GCP'],"['C026', 'C017']","['Software Developer', 'Product Manager']","{'course_completion_rate': 0.8354648213354281, 'avg_quiz_score': 84.55213466609582, 'forum_participation': 0.9863902059478724, 'time_spent_weekly': 12}"
U171,"[{'UX Design': 0.18245871917152606}, {'Product Management': 0.28702244289179885}, {'Leadership': 0.42098088710899895}]",['GCP'],[],['Software Developer'],"{'course_completion_rate': 0.8697426331591573, 'avg_quiz_score': 94.58213158764744, 'forum_participation': 0.37823420361576365, 'time_spent_weekly': 20}"
U172,"[{'Leadership': 0.6026249655676752}, {'Mobile Development': 0.7210137151601143}, {'Deep Learning': 0.8366086262758404}, {'Web Development': 0.6646624388980032}, {'UX Design': 0.14645998509608782}, {'DevOps': 0.7637658141428063}]","['AWS', 'Azure', 'PMP']","['C027', 'C033', 'C048']","['ML Engineer', 'UX Designer', 'Software Developer']","{'course_completion_rate': 0.9477078060673236, 'avg_quiz_score': 81.17255929433199, 'forum_participation': 0.761342291568274, 'time_spent_weekly': 11}"
U173,"[{'Communication': 0.34297708528070225}, {'Product Management': 0.7439689893114645}, {'UX Design': 0.9537877398479382}, {'Problem Solving': 0.14859579203933923}]",['GCP'],"['C026', 'C014', 'C034', 'C031', 'C029', 'C028', 'C035', 'C036', 'C002', 'C049']","['Software Developer', 'ML Engineer']","{'course_completion_rate': 0.55248616956949, 'avg_quiz_score': 88.3219769603276, 'forum_participation': 0.5848918242469232, 'time_spent_weekly': 3}"
U174,"[{'Cloud Computing': 0.6608230932260437}, {'Problem Solving': 0.3230528727164378}, {'Machine Learning': 0.8176354461469818}, {'Python': 0.33185422373875695}, {'Communication': 0.7889237319543517}, {'UX Design': 0.2774292932897541}]","['GCP', 'SCRUM', 'Azure']",[],"['UX Designer', 'Product Manager']","{'course_completion_rate': 0.9576855463632408, 'avg_quiz_score': 79.7952389952959, 'forum_participation': 0.004305940280137199, 'time_spent_weekly': 11}"
U175,"[{'UX Design': 0.10717459078936127}, {'Cloud Computing': 0.6614308208688187}, {'SQL': 0.5938607574185204}, {'Machine Learning': 0.13699953247229135}, {'Communication': 0.11228204356721377}, {'Python': 0.24612370612182197}, {'Web Development': 0.6381131463097299}, {'Mobile Development': 0.3720964351168172}]","['SCRUM', 'PMP', 'GCP']",['C010'],"['UX Designer', 'Data Scientist']","{'course_completion_rate': 0.7315935709904586, 'avg_quiz_score': 69.75860261220633, 'forum_participation': 0.4857773280016455, 'time_spent_weekly': 17}"
U176,"[{'Web Development': 0.19899652665155274}, {'Deep Learning': 0.9405055273146979}, {'UX Design': 0.14539140728135747}, {'DevOps': 0.18185983182276458}]",[],"['C045', 'C030', 'C043', 'C022', 'C004', 'C017']",['Data Scientist'],"{'course_completion_rate': 0.5615363663747841, 'avg_quiz_score': 91.68871120497562, 'forum_participation': 0.8161796224216962, 'time_spent_weekly': 16}"
U177,"[{'Data Analysis': 0.1769180471787572}, {'Deep Learning': 0.13680638237967374}, {'Problem Solving': 0.7791001923120331}]",['SCRUM'],"['C035', 'C002', 'C048', 'C030', 'C015', 'C022', 'C006', 'C008', 'C046']","['Product Manager', 'Software Developer', 'Data Scientist']","{'course_completion_rate': 0.744338661789758, 'avg_quiz_score': 83.16093316871377, 'forum_participation': 0.6173756342192281, 'time_spent_weekly': 20}"
U178,"[{'Machine Learning': 0.7696896645167166}, {'Communication': 0.7716310711844241}, {'Data Analysis': 0.5337100749331805}, {'Mobile Development': 0.9915269567100143}, {'Product Management': 0.3031722843265667}, {'Python': 0.7984535724588719}, {'Problem Solving': 0.878031497841688}]","['PMP', 'SCRUM', 'Azure']",[],['ML Engineer'],"{'course_completion_rate': 0.963494877433704, 'avg_quiz_score': 77.65813242901564, 'forum_participation': 0.16320661536851133, 'time_spent_weekly': 5}"
U179,"[{'UX Design': 0.965584543185513}, {'Data Analysis': 0.2133086527854415}, {'SQL': 0.8838047094158713}]","['GCP', 'SCRUM', 'PMP']","['C011', 'C029', 'C002', 'C009', 'C039']","['Data Scientist', 'Product Manager', 'DevOps Engineer']","{'course_completion_rate': 0.6355243864540965, 'avg_quiz_score': 81.05128972744717, 'forum_participation': 0.12143674376713509, 'time_spent_weekly': 6}"
U180,"[{'Cloud Computing': 0.3047150549997314}, {'Communication': 0.4836167674086407}, {'Mobile Development': 0.25076185524081335}, {'Web Development': 0.5871928594282846}, {'Leadership': 0.41566078678056495}, {'SQL': 0.5173877759676454}]",[],"['C039', 'C041', 'C015', 'C016', 'C025', 'C010', 'C030', 'C001']","['Data Scientist', 'ML Engineer', 'UX Designer']","{'course_completion_rate': 0.5057322596633438, 'avg_quiz_score': 61.864706227499276, 'forum_participation': 0.03188521923183385, 'time_spent_weekly': 5}"
U181,"[{'Problem Solving': 0.6600523139403223}, {'Mobile Development': 0.31080198917352764}, {'Deep Learning': 0.824684020169137}, {'Web Development': 0.3182059153354827}, {'Communication': 0.644941890548359}, {'Machine Learning': 0.8777802950158793}, {'Cloud Computing': 0.5656486808812037}, {'Product Management': 0.5032821423369619}]","['PMP', 'SCRUM', 'GCP']","['C017', 'C038', 'C012', 'C034', 'C011', 'C049']",['Software Developer'],"{'course_completion_rate': 0.7036666814303004, 'avg_quiz_score': 74.27331340118909, 'forum_participation': 0.5023001952584726, 'time_spent_weekly': 4}"
U182,"[{'Cloud Computing': 0.8061633978156654}, {'Problem Solving': 0.6899812548211911}, {'DevOps': 0.4623731311014151}, {'SQL': 0.8139441321628248}]","['SCRUM', 'GCP']","['C013', 'C042', 'C048']",['Product Manager'],"{'course_completion_rate': 0.8008068916175007, 'avg_quiz_score': 74.66959061688101, 'forum_participation': 0.9136461055163401, 'time_spent_weekly': 12}"
U183,"[{'Web Development': 0.978984581077887}, {'Data Analysis': 0.8439309824436508}, {'Product Management': 0.7367141310442383}, {'UX Design': 0.1918807720686896}, {'Deep Learning': 0.6108097276462491}, {'Cloud Computing': 0.7929128392922404}, {'Communication': 0.4833418698225379}, {'Problem Solving': 0.13096583831702743}]",[],"['C012', 'C027', 'C006', 'C016', 'C014', 'C001', 'C036', 'C040']","['ML Engineer', 'UX Designer', 'Data Scientist']","{'course_completion_rate': 0.8986746579969584, 'avg_quiz_score': 75.70391710721508, 'forum_participation': 0.06660055696075284, 'time_spent_weekly': 8}"
U184,"[{'Communication': 0.7983777103444494}, {'Data Analysis': 0.8822942203907587}, {'UX Design': 0.21796687741281273}]",[],"['C006', 'C008', 'C030', 'C018', 'C009']","['UX Designer', 'ML Engineer']","{'course_completion_rate': 0.6252130719109317, 'avg_quiz_score': 82.84073137324296, 'forum_participation': 0.4308295972868431, 'time_spent_weekly': 2}"
U185,"[{'Deep Learning': 0.4605273421047845}, {'Machine Learning': 0.4879353741861845}, {'UX Design': 0.34408501650993484}, {'Communication': 0.8937468844508978}]","['PMP', 'Azure', 'SCRUM']","['C048', 'C047', 'C034', 'C017']","['UX Designer', 'Data Scientist', 'Product Manager']","{'course_completion_rate': 0.6234742195718987, 'avg_quiz_score': 85.05597577379464, 'forum_participation': 0.7207764728052588, 'time_spent_weekly': 9}"
U186,"[{'SQL': 0.7734212248371428}, {'Mobile Development': 0.17277187519869144}, {'Problem Solving': 0.6351056123798728}, {'Data Analysis': 0.22496709998181247}]","['GCP', 'PMP']","['C013', 'C001', 'C003', 'C039', 'C049', 'C050', 'C046', 'C015', 'C010']","['ML Engineer', 'DevOps Engineer']","{'course_completion_rate': 0.6452566636253041, 'avg_quiz_score': 86.84380197715873, 'forum_participation': 0.4856372954094742, 'time_spent_weekly': 10}"
U187,"[{'Mobile Development': 0.7111613073824304}, {'Deep Learning': 0.7623194912214291}, {'Data Analysis': 0.4359529553793686}, {'SQL': 0.8572373042694108}, {'Communication': 0.47175283691173986}, {'Leadership': 0.6686708466096755}, {'DevOps': 0.8508696337083678}, {'Machine Learning': 0.7588060455794257}]",['SCRUM'],"['C009', 'C005', 'C019', 'C021', 'C003', 'C046', 'C035', 'C041']","['UX Designer', 'ML Engineer']","{'course_completion_rate': 0.62418957274289, 'avg_quiz_score': 78.23283308601123, 'forum_participation': 0.766491991924242, 'time_spent_weekly': 19}"
U188,"[{'Product Management': 0.4953900371581128}, {'Deep Learning': 0.4709367129524813}, {'Web Development': 0.6441933416348473}, {'Machine Learning': 0.2929087375295941}, {'Cloud Computing': 0.6124644632615253}, {'Python': 0.41553871269471765}, {'Communication': 0.33428536064425235}]","['AWS', 'SCRUM', 'Azure']",[],"['UX Designer', 'Software Developer']","{'course_completion_rate': 0.5181528258997561, 'avg_quiz_score': 83.2876937714739, 'forum_participation': 0.7377108054198993, 'time_spent_weekly': 16}"
U189,"[{'Python': 0.9777183758450594}, {'Leadership': 0.9711960057584897}, {'Data Analysis': 0.6669304345413151}]",[],"['C003', 'C031', 'C002', 'C044', 'C049', 'C026', 'C007', 'C010']","['Data Scientist', 'Software Developer']","{'course_completion_rate': 0.8331391689266621, 'avg_quiz_score': 65.00853491608157, 'forum_participation': 0.7662026446049355, 'time_spent_weekly': 14}"
U190,"[{'Deep Learning': 0.5535432852266163}, {'Communication': 0.8004177999937082}, {'Leadership': 0.9570028988563932}, {'Python': 0.39662656977745825}]","['GCP', 'SCRUM', 'AWS']","['C035', 'C036', 'C007', 'C001', 'C025', 'C023', 'C011', 'C038', 'C016', 'C010']",['UX Designer'],"{'course_completion_rate': 0.7675873251260474, 'avg_quiz_score': 93.34917784130158, 'forum_participation': 0.13666491811557147, 'time_spent_weekly': 8}"
U191,"[{'UX Design': 0.5326835297785513}, {'Problem Solving': 0.1656065786583129}, {'Product Management': 0.5319347856299276}, {'Deep Learning': 0.2078277958629709}, {'SQL': 0.44274313252255504}, {'Data Analysis': 0.4509761850505891}, {'Communication': 0.6463221822314307}]",[],"['C022', 'C030', 'C032', 'C043', 'C048', 'C028', 'C039', 'C006', 'C049']","['UX Designer', 'Software Developer']","{'course_completion_rate': 0.6587765395138263, 'avg_quiz_score': 79.96950270107563, 'forum_participation': 0.4903497280082928, 'time_spent_weekly': 1}"
U192,"[{'UX Design': 0.8638471070044488}, {'Product Management': 0.8943451817114076}, {'Problem Solving': 0.7816392803819642}, {'Data Analysis': 0.5351263621315251}]","['Azure', 'AWS', 'SCRUM']","['C011', 'C026']",['Data Scientist'],"{'course_completion_rate': 0.6767301243917322, 'avg_quiz_score': 60.30928202822169, 'forum_participation': 0.9555401283776398, 'time_spent_weekly': 16}"
U193,"[{'Mobile Development': 0.9462286543561157}, {'Python': 0.5738150615835743}, {'Cloud Computing': 0.9913382554497451}, {'Communication': 0.38844892732960434}, {'Web Development': 0.6975892029799156}, {'Product Management': 0.47990847411296456}, {'Problem Solving': 0.6323375930392866}]","['AWS', 'PMP']","['C011', 'C013', 'C010', 'C018', 'C027']","['Software Developer', 'ML Engineer']","{'course_completion_rate': 0.8391662256852035, 'avg_quiz_score': 71.39360208713569, 'forum_participation': 0.2503727820934445, 'time_spent_weekly': 13}"
U194,"[{'Communication': 0.3834540935659916}, {'Cloud Computing': 0.6098018032554681}, {'Problem Solving': 0.3350308305317169}]",['SCRUM'],"['C020', 'C047']",['Software Developer'],"{'course_completion_rate': 0.8535480478585893, 'avg_quiz_score': 72.24235276636936, 'forum_participation': 0.3827916878443963, 'time_spent_weekly': 19}"
U195,"[{'DevOps': 0.9491592070978183}, {'Cloud Computing': 0.7274132289836135}, {'Product Management': 0.23235176286037793}, {'Data Analysis': 0.6601014694599691}, {'Deep Learning': 0.6899756963508714}, {'SQL': 0.4626207482167688}, {'Problem Solving': 0.4153291633931985}, {'Leadership': 0.26983451562793426}]","['GCP', 'PMP', 'Azure']","['C041', 'C029', 'C033', 'C027', 'C022', 'C003', 'C010', 'C020', 'C002', 'C013']","['UX Designer', 'Software Developer']","{'course_completion_rate': 0.6318798493890043, 'avg_quiz_score': 81.9089643393647, 'forum_participation': 0.9337733015385924, 'time_spent_weekly': 11}"
U196,"[{'SQL': 0.6080160066211742}, {'Python': 0.9178028367055607}, {'Communication': 0.7755018781274751}, {'Web Development': 0.923208190564258}, {'Mobile Development': 0.9962949036103945}, {'UX Design': 0.6940584086217495}, {'Product Management': 0.9463153063082391}]",[],"['C021', 'C050']","['DevOps Engineer', 'UX Designer']","{'course_completion_rate': 0.7992706394958572, 'avg_quiz_score': 80.59496558085746, 'forum_participation': 0.052800072300466905, 'time_spent_weekly': 12}"
U197,"[{'SQL': 0.10029030292714877}, {'UX Design': 0.31465325376028036}, {'Mobile Development': 0.7516876465939546}, {'Machine Learning': 0.35887722538451405}, {'Communication': 0.5813096989615788}, {'Leadership': 0.7754339460233487}, {'DevOps': 0.5628186739511991}, {'Cloud Computing': 0.6569000919723573}]","['SCRUM', 'AWS']","['C040', 'C023']",['Data Scientist'],"{'course_completion_rate': 0.7140129470274346, 'avg_quiz_score': 78.87615917289693, 'forum_participation': 0.9428186013628612, 'time_spent_weekly': 7}"
U198,"[{'Python': 0.6234870767266595}, {'Machine Learning': 0.36152215164197277}, {'Deep Learning': 0.8034836362980818}]",[],"['C010', 'C033', 'C003', 'C029', 'C037', 'C040']",['DevOps Engineer'],"{'course_completion_rate': 0.735911982797673, 'avg_quiz_score': 65.00288207299118, 'forum_participation': 0.9738333059728634, 'time_spent_weekly': 14}"
U199,"[{'SQL': 0.7048017726482146}, {'Leadership': 0.30810284566298896}, {'Product Management': 0.44097116472640885}, {'DevOps': 0.30353264669004976}, {'Mobile Development': 0.20702007798147215}, {'Communication': 0.4232076098149452}, {'Data Analysis': 0.7969863649857326}]","['SCRUM', 'GCP', 'Azure']","['C041', 'C038', 'C024', 'C042', 'C012', 'C025', 'C049', 'C020', 'C006', 'C037']","['ML Engineer', 'DevOps Engineer', 'UX Designer']","{'course_completion_rate': 0.7587538805262204, 'avg_quiz_score': 65.59872520899788, 'forum_participation': 0.7781606179284828, 'time_spent_weekly': 14}"
U200,"[{'DevOps': 0.772721665321813}, {'Python': 0.8125619784496755}, {'Deep Learning': 0.9802186470686288}, {'Web Development': 0.33723751289160486}, {'Product Management': 0.9124365350891361}, {'Machine Learning': 0.48967096138708077}, {'Problem Solving': 0.27542459112930584}]",['AWS'],"['C023', 'C009', 'C029', 'C040', 'C011', 'C004', 'C022']","['UX Designer', 'Data Scientist', 'ML Engineer']","{'course_completion_rate': 0.6530769326482637, 'avg_quiz_score': 66.03457440022991, 'forum_participation': 0.23786525077324994, 'time_spent_weekly': 20}"
